,,,,,,precision,precision,random_expectation,random_expectation,lift,lift,n_candidates,n_candidates,n_relevant,n_relevant
,,,,,,mean,std,mean,std,mean,std,mean,std,mean,std
topology,camouflage,model,explainer,detected,k_mode,,,,,,,,,,
bipartite,0.0,gcn,gnnexplainer,0,k1,0.6667,0.5774,0.6076,0.0803,1.0208,0.8846,26.6667,3.7859,16.0,0.0
bipartite,0.0,gcn,gnnexplainer,0,k10,0.6667,0.1528,0.6076,0.0803,1.0896,0.1447,26.6667,3.7859,16.0,0.0
bipartite,0.0,gcn,gnnexplainer,0,k20,0.65,0.0866,0.6076,0.0803,1.0698,0.0222,26.6667,3.7859,16.0,0.0
bipartite,0.0,gcn,gnnexplainer,0,k3,0.6667,0.3333,0.6076,0.0803,1.0694,0.4623,26.6667,3.7859,16.0,0.0
bipartite,0.0,gcn,gnnexplainer,0,k5,0.5333,0.4163,0.6076,0.0803,0.85,0.6261,26.6667,3.7859,16.0,0.0
bipartite,0.0,gcn,gnnexplainer,0,oracle,0.625,0.1083,0.6076,0.0803,1.0247,0.053,26.6667,3.7859,16.0,0.0
bipartite,0.0,gcn,gnnexplainer,1,k1,0.672,0.4714,0.5446,0.1555,1.3145,1.21,34.0,17.5242,16.0,0.0
bipartite,0.0,gcn,gnnexplainer,1,k10,0.6432,0.2065,0.5446,0.1555,1.2874,0.7783,34.0,17.5242,16.0,0.0
bipartite,0.0,gcn,gnnexplainer,1,k20,0.594,0.1211,0.5446,0.1555,1.1961,0.562,34.0,17.5242,16.0,0.0
bipartite,0.0,gcn,gnnexplainer,1,k3,0.656,0.3277,0.5446,0.1555,1.2875,0.9745,34.0,17.5242,16.0,0.0
bipartite,0.0,gcn,gnnexplainer,1,k5,0.6464,0.2617,0.5446,0.1555,1.2861,0.8951,34.0,17.5242,16.0,0.0
bipartite,0.0,gcn,gnnexplainer,1,oracle,0.61,0.1427,0.5446,0.1555,1.2377,0.6744,34.0,17.5242,16.0,0.0
bipartite,0.0,gcn,grad,0,k1,0.0,0.0,0.6076,0.0803,0.0,0.0,26.6667,3.7859,16.0,0.0
bipartite,0.0,gcn,grad,0,k10,0.6,0.0,0.6076,0.0803,1.0,0.142,26.6667,3.7859,16.0,0.0
bipartite,0.0,gcn,grad,0,k20,0.6333,0.0289,0.6076,0.0803,1.051,0.0986,26.6667,3.7859,16.0,0.0
bipartite,0.0,gcn,grad,0,k3,0.6667,0.0,0.6076,0.0803,1.1111,0.1577,26.6667,3.7859,16.0,0.0
bipartite,0.0,gcn,grad,0,k5,0.6667,0.1155,0.6076,0.0803,1.1,0.142,26.6667,3.7859,16.0,0.0
bipartite,0.0,gcn,grad,0,oracle,0.625,0.0625,0.6076,0.0803,1.0339,0.0838,26.6667,3.7859,16.0,0.0
bipartite,0.0,gcn,grad,1,k1,0.688,0.4652,0.5446,0.1555,1.461,1.3566,34.0,17.5242,16.0,0.0
bipartite,0.0,gcn,grad,1,k10,0.6096,0.1201,0.5446,0.1555,1.3368,0.8689,34.0,17.5242,16.0,0.0
bipartite,0.0,gcn,grad,1,k20,0.622,0.075,0.5446,0.1555,1.3132,0.7148,34.0,17.5242,16.0,0.0
bipartite,0.0,gcn,grad,1,k3,0.6747,0.1915,0.5446,0.1555,1.4395,0.8479,34.0,17.5242,16.0,0.0
bipartite,0.0,gcn,grad,1,k5,0.6144,0.1549,0.5446,0.1555,1.3339,0.8613,34.0,17.5242,16.0,0.0
bipartite,0.0,gcn,grad,1,oracle,0.6315,0.0777,0.5446,0.1555,1.3578,0.8016,34.0,17.5242,16.0,0.0
bipartite,0.0,gcn,ig,0,k1,0.6667,0.5774,0.6076,0.0803,1.1667,1.0276,26.6667,3.7859,16.0,0.0
bipartite,0.0,gcn,ig,0,k10,0.6,0.1,0.6076,0.0803,1.0146,0.3104,26.6667,3.7859,16.0,0.0
bipartite,0.0,gcn,ig,0,k20,0.6333,0.0764,0.6076,0.0803,1.0438,0.0256,26.6667,3.7859,16.0,0.0
bipartite,0.0,gcn,ig,0,k3,0.6667,0.0,0.6076,0.0803,1.1111,0.1577,26.6667,3.7859,16.0,0.0
bipartite,0.0,gcn,ig,0,k5,0.7333,0.1155,0.6076,0.0803,1.2042,0.0439,26.6667,3.7859,16.0,0.0
bipartite,0.0,gcn,ig,0,oracle,0.6458,0.0361,0.6076,0.0803,1.082,0.2174,26.6667,3.7859,16.0,0.0
bipartite,0.0,gcn,ig,1,k1,0.768,0.4238,0.5446,0.1555,1.716,1.4193,34.0,17.5242,16.0,0.0
bipartite,0.0,gcn,ig,1,k10,0.676,0.1201,0.5446,0.1555,1.4577,0.855,34.0,17.5242,16.0,0.0
bipartite,0.0,gcn,ig,1,k20,0.6388,0.0748,0.5446,0.1555,1.3524,0.7419,34.0,17.5242,16.0,0.0
bipartite,0.0,gcn,ig,1,k3,0.76,0.1776,0.5446,0.1555,1.665,1.1209,34.0,17.5242,16.0,0.0
bipartite,0.0,gcn,ig,1,k5,0.7408,0.146,0.5446,0.1555,1.6121,1.0129,34.0,17.5242,16.0,0.0
bipartite,0.0,gcn,ig,1,oracle,0.6585,0.09,0.5446,0.1555,1.414,0.8302,34.0,17.5242,16.0,0.0
bipartite,0.0,gcn,random,0,k1,1.0,0.0,0.6076,0.0803,1.6667,0.2366,26.6667,3.7859,16.0,0.0
bipartite,0.0,gcn,random,0,k10,0.5,0.1,0.6076,0.0803,0.8188,0.0704,26.6667,3.7859,16.0,0.0
bipartite,0.0,gcn,random,0,k20,0.55,0.0866,0.6076,0.0803,0.9031,0.0329,26.6667,3.7859,16.0,0.0
bipartite,0.0,gcn,random,0,k3,0.6667,0.0,0.6076,0.0803,1.1111,0.1577,26.6667,3.7859,16.0,0.0
bipartite,0.0,gcn,random,0,k5,0.6,0.2,0.6076,0.0803,0.9958,0.3217,26.6667,3.7859,16.0,0.0
bipartite,0.0,gcn,random,0,oracle,0.5208,0.0955,0.6076,0.0803,0.8555,0.0784,26.6667,3.7859,16.0,0.0
bipartite,0.0,gcn,random,1,k1,0.512,0.5019,0.5446,0.1555,0.9245,1.026,34.0,17.5242,16.0,0.0
bipartite,0.0,gcn,random,1,k10,0.5368,0.192,0.5446,0.1555,0.9908,0.2765,34.0,17.5242,16.0,0.0
bipartite,0.0,gcn,random,1,k20,0.5444,0.1543,0.5446,0.1555,1.0142,0.1525,34.0,17.5242,16.0,0.0
bipartite,0.0,gcn,random,1,k3,0.552,0.3026,0.5446,0.1555,1.0015,0.541,34.0,17.5242,16.0,0.0
bipartite,0.0,gcn,random,1,k5,0.5488,0.2448,0.5446,0.1555,1.014,0.4412,34.0,17.5242,16.0,0.0
bipartite,0.0,gcn,random,1,oracle,0.5395,0.1672,0.5446,0.1555,0.9949,0.189,34.0,17.5242,16.0,0.0
bipartite,0.0,sage,gnnexplainer,0,k1,0.625,0.4885,0.5532,0.1592,1.2266,1.2716,33.75,18.2928,16.0,0.0
bipartite,0.0,sage,gnnexplainer,0,k10,0.6321,0.2313,0.5532,0.1592,1.1586,0.5677,33.75,18.2928,16.0,0.0
bipartite,0.0,sage,gnnexplainer,0,k20,0.6089,0.1665,0.5532,0.1592,1.145,0.494,33.75,18.2928,16.0,0.0
bipartite,0.0,sage,gnnexplainer,0,k3,0.6071,0.3185,0.5532,0.1592,1.1488,0.9098,33.75,18.2928,16.0,0.0
bipartite,0.0,sage,gnnexplainer,0,k5,0.6143,0.2926,0.5532,0.1592,1.1408,0.7501,33.75,18.2928,16.0,0.0
bipartite,0.0,sage,gnnexplainer,0,oracle,0.6239,0.1809,0.5532,0.1592,1.1644,0.4967,33.75,18.2928,16.0,0.0
bipartite,0.0,sage,gnnexplainer,1,k1,0.7258,0.4479,0.5545,0.1391,1.4441,1.275,32.4839,16.3938,16.0,0.0
bipartite,0.0,sage,gnnexplainer,1,k10,0.7194,0.1485,0.5545,0.1391,1.4623,0.9227,32.4839,16.3938,16.0,0.0
bipartite,0.0,sage,gnnexplainer,1,k20,0.6448,0.0894,0.5545,0.1391,1.3044,0.7461,32.4839,16.3938,16.0,0.0
bipartite,0.0,sage,gnnexplainer,1,k3,0.7366,0.2524,0.5545,0.1391,1.5047,1.0861,32.4839,16.3938,16.0,0.0
bipartite,0.0,sage,gnnexplainer,1,k5,0.7355,0.2172,0.5545,0.1391,1.4872,0.9912,32.4839,16.3938,16.0,0.0
bipartite,0.0,sage,gnnexplainer,1,oracle,0.6764,0.1045,0.5545,0.1391,1.3738,0.8097,32.4839,16.3938,16.0,0.0
bipartite,0.0,sage,grad,0,k1,0.7857,0.414,0.5532,0.1592,1.4754,1.0146,33.75,18.2928,16.0,0.0
bipartite,0.0,sage,grad,0,k10,0.6964,0.122,0.5532,0.1592,1.5037,0.9232,33.75,18.2928,16.0,0.0
bipartite,0.0,sage,grad,0,k20,0.6554,0.0616,0.5532,0.1592,1.3831,0.7902,33.75,18.2928,16.0,0.0
bipartite,0.0,sage,grad,0,k3,0.8095,0.1782,0.5532,0.1592,1.6797,0.8943,33.75,18.2928,16.0,0.0
bipartite,0.0,sage,grad,0,k5,0.7464,0.1452,0.5532,0.1592,1.5993,0.9648,33.75,18.2928,16.0,0.0
bipartite,0.0,sage,grad,0,oracle,0.673,0.0908,0.5532,0.1592,1.4494,0.9077,33.75,18.2928,16.0,0.0
bipartite,0.0,sage,grad,1,k1,0.621,0.4871,0.5545,0.1391,1.1477,1.0192,32.4839,16.3938,16.0,0.0
bipartite,0.0,sage,grad,1,k10,0.6694,0.117,0.5545,0.1391,1.3865,0.8486,32.4839,16.3938,16.0,0.0
bipartite,0.0,sage,grad,1,k20,0.6609,0.07,0.5545,0.1391,1.3418,0.7479,32.4839,16.3938,16.0,0.0
bipartite,0.0,sage,grad,1,k3,0.7097,0.1802,0.5545,0.1391,1.4483,0.8118,32.4839,16.3938,16.0,0.0
bipartite,0.0,sage,grad,1,k5,0.7016,0.1498,0.5545,0.1391,1.4244,0.7528,32.4839,16.3938,16.0,0.0
bipartite,0.0,sage,grad,1,oracle,0.6815,0.0907,0.5545,0.1391,1.4009,0.8469,32.4839,16.3938,16.0,0.0
bipartite,0.0,sage,ig,0,k1,0.7857,0.414,0.5532,0.1592,1.4754,1.0146,33.75,18.2928,16.0,0.0
bipartite,0.0,sage,ig,0,k10,0.6964,0.122,0.5532,0.1592,1.5037,0.9232,33.75,18.2928,16.0,0.0
bipartite,0.0,sage,ig,0,k20,0.6554,0.0616,0.5532,0.1592,1.3831,0.7902,33.75,18.2928,16.0,0.0
bipartite,0.0,sage,ig,0,k3,0.8095,0.1782,0.5532,0.1592,1.6797,0.8943,33.75,18.2928,16.0,0.0
bipartite,0.0,sage,ig,0,k5,0.7464,0.1452,0.5532,0.1592,1.5993,0.9648,33.75,18.2928,16.0,0.0
bipartite,0.0,sage,ig,0,oracle,0.673,0.0908,0.5532,0.1592,1.4494,0.9077,33.75,18.2928,16.0,0.0
bipartite,0.0,sage,ig,1,k1,0.621,0.4871,0.5545,0.1391,1.1477,1.0192,32.4839,16.3938,16.0,0.0
bipartite,0.0,sage,ig,1,k10,0.6694,0.117,0.5545,0.1391,1.3865,0.8486,32.4839,16.3938,16.0,0.0
bipartite,0.0,sage,ig,1,k20,0.6609,0.07,0.5545,0.1391,1.3418,0.7479,32.4839,16.3938,16.0,0.0
bipartite,0.0,sage,ig,1,k3,0.7097,0.1802,0.5545,0.1391,1.4483,0.8118,32.4839,16.3938,16.0,0.0
bipartite,0.0,sage,ig,1,k5,0.7016,0.1498,0.5545,0.1391,1.4244,0.7528,32.4839,16.3938,16.0,0.0
bipartite,0.0,sage,ig,1,oracle,0.6815,0.0907,0.5545,0.1391,1.4009,0.8469,32.4839,16.3938,16.0,0.0
bipartite,0.0,sage,random,0,k1,0.6607,0.4778,0.5532,0.1592,1.2221,1.1218,33.75,18.2928,16.0,0.0
bipartite,0.0,sage,random,0,k10,0.5661,0.1919,0.5532,0.1592,1.0344,0.2635,33.75,18.2928,16.0,0.0
bipartite,0.0,sage,random,0,k20,0.5634,0.1542,0.5532,0.1592,1.0375,0.1538,33.75,18.2928,16.0,0.0
bipartite,0.0,sage,random,0,k3,0.5893,0.277,0.5532,0.1592,1.0856,0.5646,33.75,18.2928,16.0,0.0
bipartite,0.0,sage,random,0,k5,0.6071,0.219,0.5532,0.1592,1.1464,0.4881,33.75,18.2928,16.0,0.0
bipartite,0.0,sage,random,0,oracle,0.5525,0.1791,0.5532,0.1592,0.9979,0.2055,33.75,18.2928,16.0,0.0
bipartite,0.0,sage,random,1,k1,0.4839,0.5018,0.5545,0.1391,0.8463,0.9243,32.4839,16.3938,16.0,0.0
bipartite,0.0,sage,random,1,k10,0.5444,0.1939,0.5545,0.1391,0.9696,0.2776,32.4839,16.3938,16.0,0.0
bipartite,0.0,sage,random,1,k20,0.546,0.1522,0.5545,0.1391,0.9868,0.1397,32.4839,16.3938,16.0,0.0
bipartite,0.0,sage,random,1,k3,0.5618,0.3046,0.5545,0.1391,0.9815,0.5059,32.4839,16.3938,16.0,0.0
bipartite,0.0,sage,random,1,k5,0.5516,0.2438,0.5545,0.1391,0.9822,0.4003,32.4839,16.3938,16.0,0.0
bipartite,0.0,sage,random,1,oracle,0.5509,0.1624,0.5545,0.1391,0.9889,0.1574,32.4839,16.3938,16.0,0.0
bipartite,0.5,gcn,gnnexplainer,0,k1,0.0526,0.2294,0.2787,0.0949,0.1349,0.5879,68.8421,38.015,16.0,0.0
bipartite,0.5,gcn,gnnexplainer,0,k10,0.2947,0.187,0.2787,0.0949,1.0421,0.7367,68.8421,38.015,16.0,0.0
bipartite,0.5,gcn,gnnexplainer,0,k20,0.3158,0.1616,0.2787,0.0949,1.152,0.6649,68.8421,38.015,16.0,0.0
bipartite,0.5,gcn,gnnexplainer,0,k3,0.193,0.2792,0.2787,0.0949,0.5296,0.7473,68.8421,38.015,16.0,0.0
bipartite,0.5,gcn,gnnexplainer,0,k5,0.2632,0.2671,0.2787,0.0949,0.748,0.7176,68.8421,38.015,16.0,0.0
bipartite,0.5,gcn,gnnexplainer,0,oracle,0.3059,0.1486,0.2787,0.0949,1.1667,0.8147,68.8421,38.015,16.0,0.0
bipartite,0.5,gcn,gnnexplainer,1,k1,0.4,0.4919,0.2528,0.0824,1.7088,2.4655,73.072,32.1489,16.072,0.3156
bipartite,0.5,gcn,gnnexplainer,1,k10,0.3376,0.159,0.2528,0.0824,1.5073,1.0537,73.072,32.1489,16.072,0.3156
bipartite,0.5,gcn,gnnexplainer,1,k20,0.3656,0.0983,0.2528,0.0824,1.6283,0.8143,73.072,32.1489,16.072,0.3156
bipartite,0.5,gcn,gnnexplainer,1,k3,0.344,0.3021,0.2528,0.0824,1.5154,1.6777,73.072,32.1489,16.072,0.3156
bipartite,0.5,gcn,gnnexplainer,1,k5,0.344,0.2223,0.2528,0.0824,1.5391,1.4156,73.072,32.1489,16.072,0.3156
bipartite,0.5,gcn,gnnexplainer,1,oracle,0.3655,0.1143,0.2528,0.0824,1.6208,0.8763,73.072,32.1489,16.072,0.3156
bipartite,0.5,gcn,grad,0,k1,0.1579,0.3746,0.2787,0.0949,0.5329,1.2855,68.8421,38.015,16.0,0.0
bipartite,0.5,gcn,grad,0,k10,0.3316,0.0478,0.2787,0.0949,1.4309,0.8835,68.8421,38.015,16.0,0.0
bipartite,0.5,gcn,grad,0,k20,0.3184,0.065,0.2787,0.0949,1.3365,0.7448,68.8421,38.015,16.0,0.0
bipartite,0.5,gcn,grad,0,k3,0.3684,0.1529,0.2787,0.0949,1.7061,1.5642,68.8421,38.015,16.0,0.0
bipartite,0.5,gcn,grad,0,k5,0.3895,0.1243,0.2787,0.0949,1.6967,1.3565,68.8421,38.015,16.0,0.0
bipartite,0.5,gcn,grad,0,oracle,0.3191,0.0621,0.2787,0.0949,1.3719,0.8701,68.8421,38.015,16.0,0.0
bipartite,0.5,gcn,grad,1,k1,0.48,0.5016,0.2528,0.0824,2.2062,2.7226,73.072,32.1489,16.072,0.3156
bipartite,0.5,gcn,grad,1,k10,0.364,0.1019,0.2528,0.0824,1.6516,0.9278,73.072,32.1489,16.072,0.3156
bipartite,0.5,gcn,grad,1,k20,0.338,0.0839,0.2528,0.0824,1.5336,0.8046,73.072,32.1489,16.072,0.3156
bipartite,0.5,gcn,grad,1,k3,0.5227,0.2481,0.2528,0.0824,2.4239,1.5863,73.072,32.1489,16.072,0.3156
bipartite,0.5,gcn,grad,1,k5,0.4624,0.1674,0.2528,0.0824,2.1231,1.2395,73.072,32.1489,16.072,0.3156
bipartite,0.5,gcn,grad,1,oracle,0.3432,0.0907,0.2528,0.0824,1.5624,0.8678,73.072,32.1489,16.072,0.3156
bipartite,0.5,gcn,ig,0,k1,0.8421,0.3746,0.2787,0.0949,3.3651,2.2487,68.8421,38.015,16.0,0.0
bipartite,0.5,gcn,ig,0,k10,0.4368,0.0831,0.2787,0.0949,1.8717,1.1182,68.8421,38.015,16.0,0.0
bipartite,0.5,gcn,ig,0,k20,0.3605,0.0826,0.2787,0.0949,1.5454,0.9431,68.8421,38.015,16.0,0.0
bipartite,0.5,gcn,ig,0,k3,0.7193,0.1672,0.2787,0.0949,3.0559,1.8725,68.8421,38.015,16.0,0.0
bipartite,0.5,gcn,ig,0,k5,0.6526,0.1124,0.2787,0.0949,2.8,1.5772,68.8421,38.015,16.0,0.0
bipartite,0.5,gcn,ig,0,oracle,0.3651,0.0814,0.2787,0.0949,1.5576,0.9786,68.8421,38.015,16.0,0.0
bipartite,0.5,gcn,ig,1,k1,0.624,0.4863,0.2528,0.0824,2.9679,2.8459,73.072,32.1489,16.072,0.3156
bipartite,0.5,gcn,ig,1,k10,0.4408,0.1009,0.2528,0.0824,2.0185,1.0437,73.072,32.1489,16.072,0.3156
bipartite,0.5,gcn,ig,1,k20,0.3788,0.076,0.2528,0.0824,1.7362,0.8915,73.072,32.1489,16.072,0.3156
bipartite,0.5,gcn,ig,1,k3,0.6267,0.2526,0.2528,0.0824,2.8073,1.5887,73.072,32.1489,16.072,0.3156
bipartite,0.5,gcn,ig,1,k5,0.5728,0.1691,0.2528,0.0824,2.6009,1.4061,73.072,32.1489,16.072,0.3156
bipartite,0.5,gcn,ig,1,oracle,0.3917,0.0841,0.2528,0.0824,1.7935,0.9126,73.072,32.1489,16.072,0.3156
bipartite,0.5,gcn,random,0,k1,0.3158,0.4776,0.2787,0.0949,1.1941,2.115,68.8421,38.015,16.0,0.0
bipartite,0.5,gcn,random,0,k10,0.2895,0.1243,0.2787,0.0949,1.0668,0.3833,68.8421,38.015,16.0,0.0
bipartite,0.5,gcn,random,0,k20,0.2789,0.1284,0.2787,0.0949,0.9799,0.2927,68.8421,38.015,16.0,0.0
bipartite,0.5,gcn,random,0,k3,0.2982,0.2458,0.2787,0.0949,1.2533,1.0895,68.8421,38.015,16.0,0.0
bipartite,0.5,gcn,random,0,k5,0.2842,0.1537,0.2787,0.0949,1.1026,0.5324,68.8421,38.015,16.0,0.0
bipartite,0.5,gcn,random,0,oracle,0.2697,0.1351,0.2787,0.0949,0.9517,0.309,68.8421,38.015,16.0,0.0
bipartite,0.5,gcn,random,1,k1,0.264,0.4426,0.2528,0.0824,1.065,2.0398,73.072,32.1489,16.072,0.3156
bipartite,0.5,gcn,random,1,k10,0.264,0.1505,0.2528,0.0824,1.0565,0.5803,73.072,32.1489,16.072,0.3156
bipartite,0.5,gcn,random,1,k20,0.2604,0.1076,0.2528,0.0824,1.0353,0.3387,73.072,32.1489,16.072,0.3156
bipartite,0.5,gcn,random,1,k3,0.2613,0.2795,0.2528,0.0824,1.0581,1.3021,73.072,32.1489,16.072,0.3156
bipartite,0.5,gcn,random,1,k5,0.2784,0.2108,0.2528,0.0824,1.1253,0.9358,73.072,32.1489,16.072,0.3156
bipartite,0.5,gcn,random,1,oracle,0.2524,0.1206,0.2528,0.0824,0.9982,0.3941,73.072,32.1489,16.072,0.3156
bipartite,0.5,sage,gnnexplainer,0,k1,0.2143,0.4133,0.2342,0.0896,0.9376,1.9772,81.3429,36.2918,16.0571,0.2338
bipartite,0.5,sage,gnnexplainer,0,k10,0.2829,0.1761,0.2342,0.0896,1.3811,1.1452,81.3429,36.2918,16.0571,0.2338
bipartite,0.5,sage,gnnexplainer,0,k20,0.3586,0.128,0.2342,0.0896,1.7676,1.082,81.3429,36.2918,16.0571,0.2338
bipartite,0.5,sage,gnnexplainer,0,k3,0.2667,0.2871,0.2342,0.0896,1.2479,1.4069,81.3429,36.2918,16.0571,0.2338
bipartite,0.5,sage,gnnexplainer,0,k5,0.2686,0.2281,0.2342,0.0896,1.2692,1.2429,81.3429,36.2918,16.0571,0.2338
bipartite,0.5,sage,gnnexplainer,0,oracle,0.3434,0.1526,0.2342,0.0896,1.69,1.1568,81.3429,36.2918,16.0571,0.2338
bipartite,0.5,sage,gnnexplainer,1,k1,0.456,0.5001,0.2519,0.0865,2.0636,2.6894,75.056,36.6448,16.048,0.2494
bipartite,0.5,sage,gnnexplainer,1,k10,0.4704,0.1905,0.2519,0.0865,2.2396,1.587,75.056,36.6448,16.048,0.2494
bipartite,0.5,sage,gnnexplainer,1,k20,0.4212,0.1036,0.2519,0.0865,1.9833,1.1589,75.056,36.6448,16.048,0.2494
bipartite,0.5,sage,gnnexplainer,1,k3,0.456,0.3266,0.2519,0.0865,2.1858,2.2494,75.056,36.6448,16.048,0.2494
bipartite,0.5,sage,gnnexplainer,1,k5,0.4912,0.2534,0.2519,0.0865,2.3533,1.8287,75.056,36.6448,16.048,0.2494
bipartite,0.5,sage,gnnexplainer,1,oracle,0.437,0.1245,0.2519,0.0865,2.0331,1.1833,75.056,36.6448,16.048,0.2494
bipartite,0.5,sage,grad,0,k1,0.6286,0.4867,0.2342,0.0896,3.094,2.9797,81.3429,36.2918,16.0571,0.2338
bipartite,0.5,sage,grad,0,k10,0.47,0.1267,0.2342,0.0896,2.4294,1.4112,81.3429,36.2918,16.0571,0.2338
bipartite,0.5,sage,grad,0,k20,0.4293,0.0853,0.2342,0.0896,2.2004,1.1167,81.3429,36.2918,16.0571,0.2338
bipartite,0.5,sage,grad,0,k3,0.6,0.2512,0.2342,0.0896,3.0311,2.0712,81.3429,36.2918,16.0571,0.2338
bipartite,0.5,sage,grad,0,k5,0.5457,0.127,0.2342,0.0896,2.7962,1.4801,81.3429,36.2918,16.0571,0.2338
bipartite,0.5,sage,grad,0,oracle,0.4447,0.0939,0.2342,0.0896,2.2851,1.1699,81.3429,36.2918,16.0571,0.2338
bipartite,0.5,sage,grad,1,k1,0.56,0.4984,0.2519,0.0865,2.6093,2.8209,75.056,36.6448,16.048,0.2494
bipartite,0.5,sage,grad,1,k10,0.448,0.109,0.2519,0.0865,2.1695,1.3998,75.056,36.6448,16.048,0.2494
bipartite,0.5,sage,grad,1,k20,0.406,0.1007,0.2519,0.0865,1.9311,1.1651,75.056,36.6448,16.048,0.2494
bipartite,0.5,sage,grad,1,k3,0.5707,0.2272,0.2519,0.0865,2.7253,1.8679,75.056,36.6448,16.048,0.2494
bipartite,0.5,sage,grad,1,k5,0.5424,0.1363,0.2519,0.0865,2.5802,1.5806,75.056,36.6448,16.048,0.2494
bipartite,0.5,sage,grad,1,oracle,0.4179,0.1035,0.2519,0.0865,1.9964,1.2225,75.056,36.6448,16.048,0.2494
bipartite,0.5,sage,ig,0,k1,0.6286,0.4867,0.2342,0.0896,3.094,2.9797,81.3429,36.2918,16.0571,0.2338
bipartite,0.5,sage,ig,0,k10,0.47,0.1267,0.2342,0.0896,2.4294,1.4112,81.3429,36.2918,16.0571,0.2338
bipartite,0.5,sage,ig,0,k20,0.4293,0.0853,0.2342,0.0896,2.2004,1.1167,81.3429,36.2918,16.0571,0.2338
bipartite,0.5,sage,ig,0,k3,0.6,0.2512,0.2342,0.0896,3.0311,2.0712,81.3429,36.2918,16.0571,0.2338
bipartite,0.5,sage,ig,0,k5,0.5457,0.127,0.2342,0.0896,2.7962,1.4801,81.3429,36.2918,16.0571,0.2338
bipartite,0.5,sage,ig,0,oracle,0.4447,0.0939,0.2342,0.0896,2.2851,1.1699,81.3429,36.2918,16.0571,0.2338
bipartite,0.5,sage,ig,1,k1,0.56,0.4984,0.2519,0.0865,2.6093,2.8209,75.056,36.6448,16.048,0.2494
bipartite,0.5,sage,ig,1,k10,0.448,0.109,0.2519,0.0865,2.1695,1.3998,75.056,36.6448,16.048,0.2494
bipartite,0.5,sage,ig,1,k20,0.406,0.1007,0.2519,0.0865,1.9311,1.1651,75.056,36.6448,16.048,0.2494
bipartite,0.5,sage,ig,1,k3,0.5707,0.2272,0.2519,0.0865,2.7253,1.8679,75.056,36.6448,16.048,0.2494
bipartite,0.5,sage,ig,1,k5,0.5424,0.1363,0.2519,0.0865,2.5802,1.5806,75.056,36.6448,16.048,0.2494
bipartite,0.5,sage,ig,1,oracle,0.4179,0.1035,0.2519,0.0865,1.9964,1.2225,75.056,36.6448,16.048,0.2494
bipartite,0.5,sage,random,0,k1,0.1857,0.3917,0.2342,0.0896,0.8321,2.0072,81.3429,36.2918,16.0571,0.2338
bipartite,0.5,sage,random,0,k10,0.2386,0.1467,0.2342,0.0896,1.0495,0.6073,81.3429,36.2918,16.0571,0.2338
bipartite,0.5,sage,random,0,k20,0.2379,0.1232,0.2342,0.0896,1.0079,0.3922,81.3429,36.2918,16.0571,0.2338
bipartite,0.5,sage,random,0,k3,0.219,0.2332,0.2342,0.0896,1.0202,1.2609,81.3429,36.2918,16.0571,0.2338
bipartite,0.5,sage,random,0,k5,0.2429,0.1766,0.2342,0.0896,1.0586,0.8088,81.3429,36.2918,16.0571,0.2338
bipartite,0.5,sage,random,0,oracle,0.2351,0.1297,0.2342,0.0896,1.0124,0.4577,81.3429,36.2918,16.0571,0.2338
bipartite,0.5,sage,random,1,k1,0.264,0.4426,0.2519,0.0865,1.0105,1.919,75.056,36.6448,16.048,0.2494
bipartite,0.5,sage,random,1,k10,0.2712,0.1549,0.2519,0.0865,1.0784,0.5693,75.056,36.6448,16.048,0.2494
bipartite,0.5,sage,random,1,k20,0.2632,0.1127,0.2519,0.0865,1.0515,0.3522,75.056,36.6448,16.048,0.2494
bipartite,0.5,sage,random,1,k3,0.2613,0.2858,0.2519,0.0865,1.0292,1.2805,75.056,36.6448,16.048,0.2494
bipartite,0.5,sage,random,1,k5,0.288,0.2263,0.2519,0.0865,1.1371,0.9342,75.056,36.6448,16.048,0.2494
bipartite,0.5,sage,random,1,oracle,0.2567,0.1264,0.2519,0.0865,1.0118,0.3844,75.056,36.6448,16.048,0.2494
bipartite,1.0,gcn,gnnexplainer,0,k1,0.04,0.2,0.1557,0.049,0.155,0.775,117.96,45.4225,16.4,0.7638
bipartite,1.0,gcn,gnnexplainer,0,k10,0.196,0.1881,0.1557,0.049,1.4293,1.5511,117.96,45.4225,16.4,0.7638
bipartite,1.0,gcn,gnnexplainer,0,k20,0.224,0.1217,0.1557,0.049,1.5577,1.09,117.96,45.4225,16.4,0.7638
bipartite,1.0,gcn,gnnexplainer,0,k3,0.1333,0.2357,0.1557,0.049,1.2132,2.4627,117.96,45.4225,16.4,0.7638
bipartite,1.0,gcn,gnnexplainer,0,k5,0.136,0.1977,0.1557,0.049,1.1097,1.8356,117.96,45.4225,16.4,0.7638
bipartite,1.0,gcn,gnnexplainer,0,oracle,0.2116,0.1248,0.1557,0.049,1.4859,1.1204,117.96,45.4225,16.4,0.7638
bipartite,1.0,gcn,gnnexplainer,1,k1,0.272,0.4468,0.1479,0.0466,2.3768,4.2416,126.416,51.9179,16.528,1.0046
bipartite,1.0,gcn,gnnexplainer,1,k10,0.3008,0.1377,0.1479,0.0466,2.3459,1.6119,126.416,51.9179,16.528,1.0046
bipartite,1.0,gcn,gnnexplainer,1,k20,0.2692,0.0795,0.1479,0.0466,2.0366,0.9926,126.416,51.9179,16.528,1.0046
bipartite,1.0,gcn,gnnexplainer,1,k3,0.3307,0.3038,0.1479,0.0466,2.8046,3.1348,126.416,51.9179,16.528,1.0046
bipartite,1.0,gcn,gnnexplainer,1,k5,0.3408,0.2314,0.1479,0.0466,2.8274,2.5565,126.416,51.9179,16.528,1.0046
bipartite,1.0,gcn,gnnexplainer,1,oracle,0.2729,0.0916,0.1479,0.0466,2.071,1.0815,126.416,51.9179,16.528,1.0046
bipartite,1.0,gcn,grad,0,k1,0.12,0.3317,0.1557,0.049,0.785,2.1929,117.96,45.4225,16.4,0.7638
bipartite,1.0,gcn,grad,0,k10,0.316,0.0554,0.1557,0.049,2.2601,0.9169,117.96,45.4225,16.4,0.7638
bipartite,1.0,gcn,grad,0,k20,0.194,0.0416,0.1557,0.049,1.4068,0.6616,117.96,45.4225,16.4,0.7638
bipartite,1.0,gcn,grad,0,k3,0.3333,0.2152,0.1557,0.049,2.2876,1.562,117.96,45.4225,16.4,0.7638
bipartite,1.0,gcn,grad,0,k5,0.376,0.1665,0.1557,0.049,2.6215,1.2391,117.96,45.4225,16.4,0.7638
bipartite,1.0,gcn,grad,0,oracle,0.224,0.0443,0.1557,0.049,1.6213,0.7391,117.96,45.4225,16.4,0.7638
bipartite,1.0,gcn,grad,1,k1,0.44,0.4984,0.1479,0.0466,3.3497,4.2453,126.416,51.9179,16.528,1.0046
bipartite,1.0,gcn,grad,1,k10,0.3088,0.1093,0.1479,0.0466,2.4156,1.4399,126.416,51.9179,16.528,1.0046
bipartite,1.0,gcn,grad,1,k20,0.2312,0.0634,0.1479,0.0466,1.782,0.938,126.416,51.9179,16.528,1.0046
bipartite,1.0,gcn,grad,1,k3,0.4347,0.2815,0.1479,0.0466,3.3789,2.81,126.416,51.9179,16.528,1.0046
bipartite,1.0,gcn,grad,1,k5,0.3968,0.1866,0.1479,0.0466,3.0761,2.0118,126.416,51.9179,16.528,1.0046
bipartite,1.0,gcn,grad,1,oracle,0.2477,0.0661,0.1479,0.0466,1.901,0.9584,126.416,51.9179,16.528,1.0046
bipartite,1.0,gcn,ig,0,k1,0.72,0.4583,0.1557,0.049,5.0676,3.6807,117.96,45.4225,16.4,0.7638
bipartite,1.0,gcn,ig,0,k10,0.332,0.09,0.1557,0.049,2.2928,0.7804,117.96,45.4225,16.4,0.7638
bipartite,1.0,gcn,ig,0,k20,0.248,0.0549,0.1557,0.049,1.7227,0.5912,117.96,45.4225,16.4,0.7638
bipartite,1.0,gcn,ig,0,k3,0.5333,0.2152,0.1557,0.049,3.802,2.02,117.96,45.4225,16.4,0.7638
bipartite,1.0,gcn,ig,0,k5,0.472,0.1621,0.1557,0.049,3.2729,1.4069,117.96,45.4225,16.4,0.7638
bipartite,1.0,gcn,ig,0,oracle,0.2613,0.0698,0.1557,0.049,1.8289,0.7013,117.96,45.4225,16.4,0.7638
bipartite,1.0,gcn,ig,1,k1,0.504,0.502,0.1479,0.0466,3.9094,4.3828,126.416,51.9179,16.528,1.0046
bipartite,1.0,gcn,ig,1,k10,0.3664,0.0706,0.1479,0.0466,2.7899,1.1928,126.416,51.9179,16.528,1.0046
bipartite,1.0,gcn,ig,1,k20,0.2828,0.0629,0.1479,0.0466,2.1453,0.9144,126.416,51.9179,16.528,1.0046
bipartite,1.0,gcn,ig,1,k3,0.488,0.2761,0.1479,0.0466,3.6817,2.6272,126.416,51.9179,16.528,1.0046
bipartite,1.0,gcn,ig,1,k5,0.4592,0.1796,0.1479,0.0466,3.4987,2.0129,126.416,51.9179,16.528,1.0046
bipartite,1.0,gcn,ig,1,oracle,0.2969,0.0708,0.1479,0.0466,2.2371,0.9281,126.416,51.9179,16.528,1.0046
bipartite,1.0,gcn,random,0,k1,0.12,0.3317,0.1557,0.049,0.83,2.4411,117.96,45.4225,16.4,0.7638
bipartite,1.0,gcn,random,0,k10,0.176,0.148,0.1557,0.049,1.0984,0.9182,117.96,45.4225,16.4,0.7638
bipartite,1.0,gcn,random,0,k20,0.16,0.0935,0.1557,0.049,1.0087,0.545,117.96,45.4225,16.4,0.7638
bipartite,1.0,gcn,random,0,k3,0.1467,0.1689,0.1557,0.049,1.0273,1.263,117.96,45.4225,16.4,0.7638
bipartite,1.0,gcn,random,0,k5,0.192,0.147,0.1557,0.049,1.247,1.0662,117.96,45.4225,16.4,0.7638
bipartite,1.0,gcn,random,0,oracle,0.1608,0.1259,0.1557,0.049,1.0017,0.7419,117.96,45.4225,16.4,0.7638
bipartite,1.0,gcn,random,1,k1,0.12,0.3263,0.1479,0.0466,0.7462,2.1817,126.416,51.9179,16.528,1.0046
bipartite,1.0,gcn,random,1,k10,0.1408,0.1296,0.1479,0.0466,0.9286,0.85,126.416,51.9179,16.528,1.0046
bipartite,1.0,gcn,random,1,k20,0.1508,0.0859,0.1479,0.0466,1.0212,0.5287,126.416,51.9179,16.528,1.0046
bipartite,1.0,gcn,random,1,k3,0.1173,0.1759,0.1479,0.0466,0.7606,1.1992,126.416,51.9179,16.528,1.0046
bipartite,1.0,gcn,random,1,k5,0.1248,0.1517,0.1479,0.0466,0.8176,1.0241,126.416,51.9179,16.528,1.0046
bipartite,1.0,gcn,random,1,oracle,0.1491,0.0938,0.1479,0.0466,1.0039,0.5684,126.416,51.9179,16.528,1.0046
bipartite,1.0,sage,gnnexplainer,0,k1,0.1667,0.3755,0.1473,0.0462,1.1332,2.7072,125.9394,45.1588,16.6667,1.086
bipartite,1.0,sage,gnnexplainer,0,k10,0.2606,0.1357,0.1473,0.0462,1.8759,1.1619,125.9394,45.1588,16.6667,1.086
bipartite,1.0,sage,gnnexplainer,0,k20,0.2992,0.1104,0.1473,0.0462,2.1994,1.1278,125.9394,45.1588,16.6667,1.086
bipartite,1.0,sage,gnnexplainer,0,k3,0.1919,0.2415,0.1473,0.0462,1.3324,1.8027,125.9394,45.1588,16.6667,1.086
bipartite,1.0,sage,gnnexplainer,0,k5,0.2091,0.1734,0.1473,0.0462,1.5196,1.3321,125.9394,45.1588,16.6667,1.086
bipartite,1.0,sage,gnnexplainer,0,oracle,0.2939,0.1084,0.1473,0.0462,2.1545,1.0962,125.9394,45.1588,16.6667,1.086
bipartite,1.0,sage,gnnexplainer,1,k1,0.312,0.4652,0.1463,0.0449,2.4798,4.0498,125.52,47.8251,16.408,0.8433
bipartite,1.0,sage,gnnexplainer,1,k10,0.3664,0.1675,0.1463,0.0449,2.8119,1.7824,125.52,47.8251,16.408,0.8433
bipartite,1.0,sage,gnnexplainer,1,k20,0.3224,0.0983,0.1463,0.0449,2.4576,1.2087,125.52,47.8251,16.408,0.8433
bipartite,1.0,sage,gnnexplainer,1,k3,0.368,0.3247,0.1463,0.0449,2.8678,2.756,125.52,47.8251,16.408,0.8433
bipartite,1.0,sage,gnnexplainer,1,k5,0.3744,0.2462,0.1463,0.0449,2.8703,2.2621,125.52,47.8251,16.408,0.8433
bipartite,1.0,sage,gnnexplainer,1,oracle,0.3439,0.1168,0.1463,0.0449,2.628,1.396,125.52,47.8251,16.408,0.8433
bipartite,1.0,sage,grad,0,k1,0.4242,0.498,0.1473,0.0462,2.9972,3.8153,125.9394,45.1588,16.6667,1.086
bipartite,1.0,sage,grad,0,k10,0.3697,0.0784,0.1473,0.0462,2.8033,1.192,125.9394,45.1588,16.6667,1.086
bipartite,1.0,sage,grad,0,k20,0.3038,0.081,0.1473,0.0462,2.2878,1.0369,125.9394,45.1588,16.6667,1.086
bipartite,1.0,sage,grad,0,k3,0.4697,0.2337,0.1473,0.0462,3.4349,2.0742,125.9394,45.1588,16.6667,1.086
bipartite,1.0,sage,grad,0,k5,0.4485,0.1571,0.1473,0.0462,3.1592,1.1936,125.9394,45.1588,16.6667,1.086
bipartite,1.0,sage,grad,0,oracle,0.314,0.0751,0.1473,0.0462,2.3721,1.0329,125.9394,45.1588,16.6667,1.086
bipartite,1.0,sage,grad,1,k1,0.496,0.502,0.1463,0.0449,3.6211,4.0671,125.52,47.8251,16.408,0.8433
bipartite,1.0,sage,grad,1,k10,0.36,0.0762,0.1463,0.0449,2.745,1.1753,125.52,47.8251,16.408,0.8433
bipartite,1.0,sage,grad,1,k20,0.2936,0.0698,0.1463,0.0449,2.2617,1.0083,125.52,47.8251,16.408,0.8433
bipartite,1.0,sage,grad,1,k3,0.4453,0.2278,0.1463,0.0449,3.3603,2.2027,125.52,47.8251,16.408,0.8433
bipartite,1.0,sage,grad,1,k5,0.4368,0.1574,0.1463,0.0449,3.3122,1.767,125.52,47.8251,16.408,0.8433
bipartite,1.0,sage,grad,1,oracle,0.3048,0.0662,0.1463,0.0449,2.3421,1.0429,125.52,47.8251,16.408,0.8433
bipartite,1.0,sage,ig,0,k1,0.4242,0.498,0.1473,0.0462,2.9972,3.8153,125.9394,45.1588,16.6667,1.086
bipartite,1.0,sage,ig,0,k10,0.3697,0.0784,0.1473,0.0462,2.8033,1.192,125.9394,45.1588,16.6667,1.086
bipartite,1.0,sage,ig,0,k20,0.3038,0.081,0.1473,0.0462,2.2878,1.0369,125.9394,45.1588,16.6667,1.086
bipartite,1.0,sage,ig,0,k3,0.4697,0.2337,0.1473,0.0462,3.4349,2.0742,125.9394,45.1588,16.6667,1.086
bipartite,1.0,sage,ig,0,k5,0.4485,0.1571,0.1473,0.0462,3.1592,1.1936,125.9394,45.1588,16.6667,1.086
bipartite,1.0,sage,ig,0,oracle,0.314,0.0751,0.1473,0.0462,2.3721,1.0329,125.9394,45.1588,16.6667,1.086
bipartite,1.0,sage,ig,1,k1,0.496,0.502,0.1463,0.0449,3.6211,4.0671,125.52,47.8251,16.408,0.8433
bipartite,1.0,sage,ig,1,k10,0.36,0.0762,0.1463,0.0449,2.745,1.1753,125.52,47.8251,16.408,0.8433
bipartite,1.0,sage,ig,1,k20,0.2936,0.0698,0.1463,0.0449,2.2617,1.0083,125.52,47.8251,16.408,0.8433
bipartite,1.0,sage,ig,1,k3,0.4453,0.2278,0.1463,0.0449,3.3603,2.2027,125.52,47.8251,16.408,0.8433
bipartite,1.0,sage,ig,1,k5,0.4368,0.1574,0.1463,0.0449,3.3122,1.767,125.52,47.8251,16.408,0.8433
bipartite,1.0,sage,ig,1,oracle,0.3048,0.0662,0.1463,0.0449,2.3421,1.0429,125.52,47.8251,16.408,0.8433
bipartite,1.0,sage,random,0,k1,0.1212,0.3289,0.1473,0.0462,0.7776,2.258,125.9394,45.1588,16.6667,1.086
bipartite,1.0,sage,random,0,k10,0.1485,0.1304,0.1473,0.0462,0.9721,0.8747,125.9394,45.1588,16.6667,1.086
bipartite,1.0,sage,random,0,k20,0.15,0.0957,0.1473,0.0462,0.9937,0.5447,125.9394,45.1588,16.6667,1.086
bipartite,1.0,sage,random,0,k3,0.1313,0.1838,0.1473,0.0462,0.9155,1.2949,125.9394,45.1588,16.6667,1.086
bipartite,1.0,sage,random,0,k5,0.1242,0.1348,0.1473,0.0462,0.8179,0.917,125.9394,45.1588,16.6667,1.086
bipartite,1.0,sage,random,0,oracle,0.1518,0.1049,0.1473,0.0462,1.0033,0.6039,125.9394,45.1588,16.6667,1.086
bipartite,1.0,sage,random,1,k1,0.128,0.3354,0.1463,0.0449,0.8402,2.3557,125.52,47.8251,16.408,0.8433
bipartite,1.0,sage,random,1,k10,0.1424,0.1284,0.1463,0.0449,0.9379,0.8152,125.52,47.8251,16.408,0.8433
bipartite,1.0,sage,random,1,k20,0.1448,0.084,0.1463,0.0449,0.9915,0.5207,125.52,47.8251,16.408,0.8433
bipartite,1.0,sage,random,1,k3,0.112,0.1793,0.1463,0.0449,0.7344,1.2216,125.52,47.8251,16.408,0.8433
bipartite,1.0,sage,random,1,k5,0.1344,0.1582,0.1463,0.0449,0.8887,1.0646,125.52,47.8251,16.408,0.8433
bipartite,1.0,sage,random,1,oracle,0.1453,0.094,0.1463,0.0449,0.9824,0.5574,125.52,47.8251,16.408,0.8433
bipartite,2.0,gcn,gnnexplainer,0,k1,0.1034,0.3099,0.0845,0.0163,1.2899,3.9099,251.2414,65.72,20.3793,3.1329
bipartite,2.0,gcn,gnnexplainer,0,k10,0.2172,0.1441,0.0845,0.0163,2.7871,2.1755,251.2414,65.72,20.3793,3.1329
bipartite,2.0,gcn,gnnexplainer,0,k20,0.1948,0.0817,0.0845,0.0163,2.4561,1.2145,251.2414,65.72,20.3793,3.1329
bipartite,2.0,gcn,gnnexplainer,0,k3,0.1264,0.2073,0.0845,0.0163,1.5349,2.596,251.2414,65.72,20.3793,3.1329
bipartite,2.0,gcn,gnnexplainer,0,k5,0.1655,0.1778,0.0845,0.0163,2.0688,2.4261,251.2414,65.72,20.3793,3.1329
bipartite,2.0,gcn,gnnexplainer,0,oracle,0.1914,0.0801,0.0845,0.0163,2.3968,1.1536,251.2414,65.72,20.3793,3.1329
bipartite,2.0,gcn,gnnexplainer,1,k1,0.2,0.4016,0.0862,0.0159,2.5019,5.1791,243.568,69.5236,20.2,3.9452
bipartite,2.0,gcn,gnnexplainer,1,k10,0.24,0.1535,0.0862,0.0159,2.9251,1.9467,243.568,69.5236,20.2,3.9452
bipartite,2.0,gcn,gnnexplainer,1,k20,0.1988,0.0763,0.0862,0.0159,2.3751,0.9794,243.568,69.5236,20.2,3.9452
bipartite,2.0,gcn,gnnexplainer,1,k3,0.232,0.2783,0.0862,0.0159,2.8911,3.7434,243.568,69.5236,20.2,3.9452
bipartite,2.0,gcn,gnnexplainer,1,k5,0.248,0.2402,0.0862,0.0159,3.0782,3.2125,243.568,69.5236,20.2,3.9452
bipartite,2.0,gcn,gnnexplainer,1,oracle,0.1966,0.0835,0.0862,0.0159,2.3446,1.0762,243.568,69.5236,20.2,3.9452
bipartite,2.0,gcn,grad,0,k1,0.069,0.2579,0.0845,0.0163,0.86,3.2211,251.2414,65.72,20.3793,3.1329
bipartite,2.0,gcn,grad,0,k10,0.1966,0.1085,0.0845,0.0163,2.5145,1.6191,251.2414,65.72,20.3793,3.1329
bipartite,2.0,gcn,grad,0,k20,0.1517,0.0491,0.0845,0.0163,1.8974,0.793,251.2414,65.72,20.3793,3.1329
bipartite,2.0,gcn,grad,0,k3,0.1609,0.1915,0.0845,0.0163,2.1047,2.5089,251.2414,65.72,20.3793,3.1329
bipartite,2.0,gcn,grad,0,k5,0.2069,0.2103,0.0845,0.0163,2.7566,3.0461,251.2414,65.72,20.3793,3.1329
bipartite,2.0,gcn,grad,0,oracle,0.1498,0.0568,0.0845,0.0163,1.8676,0.8569,251.2414,65.72,20.3793,3.1329
bipartite,2.0,gcn,grad,1,k1,0.088,0.2844,0.0862,0.0159,1.0671,3.4978,243.568,69.5236,20.2,3.9452
bipartite,2.0,gcn,grad,1,k10,0.1896,0.0914,0.0862,0.0159,2.2829,1.2393,243.568,69.5236,20.2,3.9452
bipartite,2.0,gcn,grad,1,k20,0.1368,0.0431,0.0862,0.0159,1.6366,0.5982,243.568,69.5236,20.2,3.9452
bipartite,2.0,gcn,grad,1,k3,0.1627,0.2265,0.0862,0.0159,1.9809,2.8143,243.568,69.5236,20.2,3.9452
bipartite,2.0,gcn,grad,1,k5,0.1728,0.1748,0.0862,0.0159,2.1161,2.2487,243.568,69.5236,20.2,3.9452
bipartite,2.0,gcn,grad,1,oracle,0.1386,0.0496,0.0862,0.0159,1.6623,0.6864,243.568,69.5236,20.2,3.9452
bipartite,2.0,gcn,ig,0,k1,0.2759,0.4549,0.0845,0.0163,3.67,6.1517,251.2414,65.72,20.3793,3.1329
bipartite,2.0,gcn,ig,0,k10,0.3103,0.0618,0.0845,0.0163,3.7313,0.7491,251.2414,65.72,20.3793,3.1329
bipartite,2.0,gcn,ig,0,k20,0.1914,0.027,0.0845,0.0163,2.3251,0.4726,251.2414,65.72,20.3793,3.1329
bipartite,2.0,gcn,ig,0,k3,0.3448,0.1886,0.0845,0.0163,4.3069,2.6991,251.2414,65.72,20.3793,3.1329
bipartite,2.0,gcn,ig,0,k5,0.3724,0.1279,0.0845,0.0163,4.5597,1.7666,251.2414,65.72,20.3793,3.1329
bipartite,2.0,gcn,ig,0,oracle,0.1867,0.0428,0.0845,0.0163,2.24,0.5182,251.2414,65.72,20.3793,3.1329
bipartite,2.0,gcn,ig,1,k1,0.176,0.3824,0.0862,0.0159,2.0555,4.5276,243.568,69.5236,20.2,3.9452
bipartite,2.0,gcn,ig,1,k10,0.2736,0.096,0.0862,0.0159,3.2908,1.3093,243.568,69.5236,20.2,3.9452
bipartite,2.0,gcn,ig,1,k20,0.1756,0.0351,0.0862,0.0159,2.1089,0.5921,243.568,69.5236,20.2,3.9452
bipartite,2.0,gcn,ig,1,k3,0.264,0.2443,0.0862,0.0159,3.1998,2.9986,243.568,69.5236,20.2,3.9452
bipartite,2.0,gcn,ig,1,k5,0.3136,0.1872,0.0862,0.0159,3.8232,2.4797,243.568,69.5236,20.2,3.9452
bipartite,2.0,gcn,ig,1,oracle,0.1795,0.0397,0.0862,0.0159,2.1504,0.639,243.568,69.5236,20.2,3.9452
bipartite,2.0,gcn,random,0,k1,0.069,0.2579,0.0845,0.0163,0.6567,2.4796,251.2414,65.72,20.3793,3.1329
bipartite,2.0,gcn,random,0,k10,0.0862,0.0875,0.0845,0.0163,1.0541,1.0399,251.2414,65.72,20.3793,3.1329
bipartite,2.0,gcn,random,0,k20,0.1,0.0551,0.0845,0.0163,1.1963,0.682,251.2414,65.72,20.3793,3.1329
bipartite,2.0,gcn,random,0,k3,0.092,0.1759,0.0845,0.0163,1.1528,2.1032,251.2414,65.72,20.3793,3.1329
bipartite,2.0,gcn,random,0,k5,0.069,0.1105,0.0845,0.0163,0.846,1.3059,251.2414,65.72,20.3793,3.1329
bipartite,2.0,gcn,random,0,oracle,0.1056,0.0562,0.0845,0.0163,1.2555,0.6619,251.2414,65.72,20.3793,3.1329
bipartite,2.0,gcn,random,1,k1,0.048,0.2146,0.0862,0.0159,0.5311,2.4052,243.568,69.5236,20.2,3.9452
bipartite,2.0,gcn,random,1,k10,0.0712,0.085,0.0862,0.0159,0.8081,0.944,243.568,69.5236,20.2,3.9452
bipartite,2.0,gcn,random,1,k20,0.0852,0.0651,0.0862,0.0159,0.9778,0.7323,243.568,69.5236,20.2,3.9452
bipartite,2.0,gcn,random,1,k3,0.0507,0.1202,0.0862,0.0159,0.5735,1.3834,243.568,69.5236,20.2,3.9452
bipartite,2.0,gcn,random,1,k5,0.0656,0.1158,0.0862,0.0159,0.7212,1.2536,243.568,69.5236,20.2,3.9452
bipartite,2.0,gcn,random,1,oracle,0.0826,0.0657,0.0862,0.0159,0.9565,0.7509,243.568,69.5236,20.2,3.9452
bipartite,2.0,sage,gnnexplainer,0,k1,0.0822,0.2766,0.0825,0.0136,1.0482,3.5655,258.1233,57.9327,20.8082,3.7218
bipartite,2.0,sage,gnnexplainer,0,k10,0.1918,0.1299,0.0825,0.0136,2.4236,1.7129,258.1233,57.9327,20.8082,3.7218
bipartite,2.0,sage,gnnexplainer,0,k20,0.1712,0.0905,0.0825,0.0136,2.1437,1.1963,258.1233,57.9327,20.8082,3.7218
bipartite,2.0,sage,gnnexplainer,0,k3,0.1233,0.2116,0.0825,0.0136,1.6327,2.9194,258.1233,57.9327,20.8082,3.7218
bipartite,2.0,sage,gnnexplainer,0,k5,0.1589,0.1914,0.0825,0.0136,2.1051,2.681,258.1233,57.9327,20.8082,3.7218
bipartite,2.0,sage,gnnexplainer,0,oracle,0.1715,0.0895,0.0825,0.0136,2.14,1.1837,258.1233,57.9327,20.8082,3.7218
bipartite,2.0,sage,gnnexplainer,1,k1,0.128,0.3354,0.0854,0.0153,1.586,4.2022,241.24,70.3414,19.808,3.841
bipartite,2.0,sage,gnnexplainer,1,k10,0.1984,0.1225,0.0854,0.0153,2.3782,1.498,241.24,70.3414,19.808,3.841
bipartite,2.0,sage,gnnexplainer,1,k20,0.1612,0.081,0.0854,0.0153,1.9252,1.0009,241.24,70.3414,19.808,3.841
bipartite,2.0,sage,gnnexplainer,1,k3,0.144,0.2131,0.0854,0.0153,1.7893,2.7604,241.24,70.3414,19.808,3.841
bipartite,2.0,sage,gnnexplainer,1,k5,0.184,0.1658,0.0854,0.0153,2.2391,2.0817,241.24,70.3414,19.808,3.841
bipartite,2.0,sage,gnnexplainer,1,oracle,0.1663,0.0835,0.0854,0.0153,1.9832,1.0013,241.24,70.3414,19.808,3.841
bipartite,2.0,sage,grad,0,k1,0.3288,0.473,0.0825,0.0136,3.9188,5.743,258.1233,57.9327,20.8082,3.7218
bipartite,2.0,sage,grad,0,k10,0.2836,0.0764,0.0825,0.0136,3.5374,1.1284,258.1233,57.9327,20.8082,3.7218
bipartite,2.0,sage,grad,0,k20,0.1884,0.0377,0.0825,0.0136,2.3531,0.637,258.1233,57.9327,20.8082,3.7218
bipartite,2.0,sage,grad,0,k3,0.3973,0.2198,0.0825,0.0136,4.8843,2.7761,258.1233,57.9327,20.8082,3.7218
bipartite,2.0,sage,grad,0,k5,0.3534,0.151,0.0825,0.0136,4.3541,1.8901,258.1233,57.9327,20.8082,3.7218
bipartite,2.0,sage,grad,0,oracle,0.1925,0.0467,0.0825,0.0136,2.4077,0.7346,258.1233,57.9327,20.8082,3.7218
bipartite,2.0,sage,grad,1,k1,0.344,0.477,0.0854,0.0153,4.2115,5.9564,241.24,70.3414,19.808,3.841
bipartite,2.0,sage,grad,1,k10,0.2864,0.0836,0.0854,0.0153,3.4771,1.2211,241.24,70.3414,19.808,3.841
bipartite,2.0,sage,grad,1,k20,0.1936,0.0421,0.0854,0.0153,2.348,0.7296,241.24,70.3414,19.808,3.841
bipartite,2.0,sage,grad,1,k3,0.3467,0.2334,0.0854,0.0153,4.1832,2.9952,241.24,70.3414,19.808,3.841
bipartite,2.0,sage,grad,1,k5,0.3248,0.1538,0.0854,0.0153,3.8984,1.9509,241.24,70.3414,19.808,3.841
bipartite,2.0,sage,grad,1,oracle,0.2026,0.0478,0.0854,0.0153,2.4455,0.7428,241.24,70.3414,19.808,3.841
bipartite,2.0,sage,ig,0,k1,0.3288,0.473,0.0825,0.0136,3.9188,5.743,258.1233,57.9327,20.8082,3.7218
bipartite,2.0,sage,ig,0,k10,0.2836,0.0764,0.0825,0.0136,3.5374,1.1284,258.1233,57.9327,20.8082,3.7218
bipartite,2.0,sage,ig,0,k20,0.1884,0.0377,0.0825,0.0136,2.3531,0.637,258.1233,57.9327,20.8082,3.7218
bipartite,2.0,sage,ig,0,k3,0.3973,0.2198,0.0825,0.0136,4.8843,2.7761,258.1233,57.9327,20.8082,3.7218
bipartite,2.0,sage,ig,0,k5,0.3534,0.151,0.0825,0.0136,4.3541,1.8901,258.1233,57.9327,20.8082,3.7218
bipartite,2.0,sage,ig,0,oracle,0.1925,0.0467,0.0825,0.0136,2.4077,0.7346,258.1233,57.9327,20.8082,3.7218
bipartite,2.0,sage,ig,1,k1,0.344,0.477,0.0854,0.0153,4.2115,5.9564,241.24,70.3414,19.808,3.841
bipartite,2.0,sage,ig,1,k10,0.2864,0.0836,0.0854,0.0153,3.4771,1.2211,241.24,70.3414,19.808,3.841
bipartite,2.0,sage,ig,1,k20,0.1936,0.0421,0.0854,0.0153,2.348,0.7296,241.24,70.3414,19.808,3.841
bipartite,2.0,sage,ig,1,k3,0.3467,0.2334,0.0854,0.0153,4.1832,2.9952,241.24,70.3414,19.808,3.841
bipartite,2.0,sage,ig,1,k5,0.3248,0.1538,0.0854,0.0153,3.8984,1.9509,241.24,70.3414,19.808,3.841
bipartite,2.0,sage,ig,1,oracle,0.2026,0.0478,0.0854,0.0153,2.4455,0.7428,241.24,70.3414,19.808,3.841
bipartite,2.0,sage,random,0,k1,0.0274,0.1644,0.0825,0.0136,0.3328,2.0069,258.1233,57.9327,20.8082,3.7218
bipartite,2.0,sage,random,0,k10,0.0726,0.0786,0.0825,0.0136,0.8898,0.9757,258.1233,57.9327,20.8082,3.7218
bipartite,2.0,sage,random,0,k20,0.0877,0.0582,0.0825,0.0136,1.071,0.7201,258.1233,57.9327,20.8082,3.7218
bipartite,2.0,sage,random,0,k3,0.0502,0.1201,0.0825,0.0136,0.6478,1.5692,258.1233,57.9327,20.8082,3.7218
bipartite,2.0,sage,random,0,k5,0.0603,0.109,0.0825,0.0136,0.7263,1.2774,258.1233,57.9327,20.8082,3.7218
bipartite,2.0,sage,random,0,oracle,0.0856,0.0567,0.0825,0.0136,1.0419,0.6906,258.1233,57.9327,20.8082,3.7218
bipartite,2.0,sage,random,1,k1,0.08,0.2724,0.0854,0.0153,0.8874,3.0664,241.24,70.3414,19.808,3.841
bipartite,2.0,sage,random,1,k10,0.0856,0.0886,0.0854,0.0153,1.006,1.0383,241.24,70.3414,19.808,3.841
bipartite,2.0,sage,random,1,k20,0.0864,0.0643,0.0854,0.0153,1.0068,0.7466,241.24,70.3414,19.808,3.841
bipartite,2.0,sage,random,1,k3,0.0827,0.1564,0.0854,0.0153,0.964,1.8051,241.24,70.3414,19.808,3.841
bipartite,2.0,sage,random,1,k5,0.0864,0.1227,0.0854,0.0153,1.0045,1.4477,241.24,70.3414,19.808,3.841
bipartite,2.0,sage,random,1,oracle,0.0864,0.065,0.0854,0.0153,1.0128,0.7611,241.24,70.3414,19.808,3.841
clique,0.0,gcn,gnnexplainer,1,k1,0.856,0.3525,0.6107,0.1314,1.5229,0.8587,49.304,16.9126,28.0,0.0
clique,0.0,gcn,gnnexplainer,1,k10,0.74,0.2024,0.6107,0.1314,1.2975,0.5403,49.304,16.9126,28.0,0.0
clique,0.0,gcn,gnnexplainer,1,k20,0.7044,0.1572,0.6107,0.1314,1.2235,0.4366,49.304,16.9126,28.0,0.0
clique,0.0,gcn,gnnexplainer,1,k3,0.8053,0.2511,0.6107,0.1314,1.4355,0.7133,49.304,16.9126,28.0,0.0
clique,0.0,gcn,gnnexplainer,1,k5,0.7648,0.2437,0.6107,0.1314,1.3499,0.6475,49.304,16.9126,28.0,0.0
clique,0.0,gcn,gnnexplainer,1,oracle,0.6597,0.13,0.6107,0.1314,1.1269,0.3161,49.304,16.9126,28.0,0.0
clique,0.0,gcn,grad,1,k1,0.128,0.3354,0.6107,0.1314,0.198,0.5326,49.304,16.9126,28.0,0.0
clique,0.0,gcn,grad,1,k10,0.5984,0.1122,0.6107,0.1314,1.0651,0.4618,49.304,16.9126,28.0,0.0
clique,0.0,gcn,grad,1,k20,0.6188,0.0764,0.6107,0.1314,1.1022,0.4595,49.304,16.9126,28.0,0.0
clique,0.0,gcn,grad,1,k3,0.512,0.214,0.6107,0.1314,0.9024,0.5035,49.304,16.9126,28.0,0.0
clique,0.0,gcn,grad,1,k5,0.584,0.186,0.6107,0.1314,1.0339,0.523,49.304,16.9126,28.0,0.0
clique,0.0,gcn,grad,1,oracle,0.6434,0.0557,0.6107,0.1314,1.1308,0.4063,49.304,16.9126,28.0,0.0
clique,0.0,gcn,ig,1,k1,0.712,0.4547,0.6107,0.1314,1.2846,0.9859,49.304,16.9126,28.0,0.0
clique,0.0,gcn,ig,1,k10,0.704,0.1081,0.6107,0.1314,1.2511,0.5184,49.304,16.9126,28.0,0.0
clique,0.0,gcn,ig,1,k20,0.646,0.0945,0.6107,0.1314,1.1432,0.4637,49.304,16.9126,28.0,0.0
clique,0.0,gcn,ig,1,k3,0.8347,0.1673,0.6107,0.1314,1.4924,0.6862,49.304,16.9126,28.0,0.0
clique,0.0,gcn,ig,1,k5,0.856,0.1208,0.6107,0.1314,1.519,0.6159,49.304,16.9126,28.0,0.0
clique,0.0,gcn,ig,1,oracle,0.6646,0.0723,0.6107,0.1314,1.1571,0.3748,49.304,16.9126,28.0,0.0
clique,0.0,gcn,random,1,k1,0.552,0.4993,0.6107,0.1314,0.954,0.9622,49.304,16.9126,28.0,0.0
clique,0.0,gcn,random,1,k10,0.5992,0.1624,0.6107,0.1314,1.0025,0.2721,49.304,16.9126,28.0,0.0
clique,0.0,gcn,random,1,k20,0.6048,0.145,0.6107,0.1314,0.9976,0.172,49.304,16.9126,28.0,0.0
clique,0.0,gcn,random,1,k3,0.5707,0.2802,0.6107,0.1314,0.9636,0.5299,49.304,16.9126,28.0,0.0
clique,0.0,gcn,random,1,k5,0.5872,0.2151,0.6107,0.1314,0.9887,0.3838,49.304,16.9126,28.0,0.0
clique,0.0,gcn,random,1,oracle,0.6037,0.1364,0.6107,0.1314,0.9919,0.1161,49.304,16.9126,28.0,0.0
clique,0.0,sage,gnnexplainer,0,k1,0.5625,0.5123,0.6408,0.1105,0.8281,0.7645,45.25,9.6988,28.0,0.0
clique,0.0,sage,gnnexplainer,0,k10,0.5875,0.2895,0.6408,0.1105,0.86,0.3788,45.25,9.6988,28.0,0.0
clique,0.0,sage,gnnexplainer,0,k20,0.6688,0.1769,0.6408,0.1105,1.0277,0.1558,45.25,9.6988,28.0,0.0
clique,0.0,sage,gnnexplainer,0,k3,0.4792,0.3645,0.6408,0.1105,0.686,0.5052,45.25,9.6988,28.0,0.0
clique,0.0,sage,gnnexplainer,0,k5,0.475,0.291,0.6408,0.1105,0.683,0.4076,45.25,9.6988,28.0,0.0
clique,0.0,sage,gnnexplainer,0,oracle,0.7076,0.1085,0.6408,0.1105,1.1109,0.0864,45.25,9.6988,28.0,0.0
clique,0.0,sage,gnnexplainer,1,k1,0.944,0.2308,0.6245,0.1272,1.5977,0.6877,48.264,17.5812,28.0,0.0
clique,0.0,sage,gnnexplainer,1,k10,0.764,0.1623,0.6245,0.1272,1.3108,0.5791,48.264,17.5812,28.0,0.0
clique,0.0,sage,gnnexplainer,1,k20,0.7184,0.1149,0.6245,0.1272,1.2376,0.5304,48.264,17.5812,28.0,0.0
clique,0.0,sage,gnnexplainer,1,k3,0.8427,0.2223,0.6245,0.1272,1.4249,0.6211,48.264,17.5812,28.0,0.0
clique,0.0,sage,gnnexplainer,1,k5,0.8032,0.1917,0.6245,0.1272,1.3701,0.6246,48.264,17.5812,28.0,0.0
clique,0.0,sage,gnnexplainer,1,oracle,0.6826,0.0887,0.6245,0.1272,1.1633,0.4217,48.264,17.5812,28.0,0.0
clique,0.0,sage,grad,0,k1,0.625,0.5,0.6408,0.1105,1.0513,0.8978,45.25,9.6988,28.0,0.0
clique,0.0,sage,grad,0,k10,0.8,0.0966,0.6408,0.1105,1.302,0.3631,45.25,9.6988,28.0,0.0
clique,0.0,sage,grad,0,k20,0.7812,0.0892,0.6408,0.1105,1.272,0.3598,45.25,9.6988,28.0,0.0
clique,0.0,sage,grad,0,k3,0.7083,0.1667,0.6408,0.1105,1.1562,0.4113,45.25,9.6988,28.0,0.0
clique,0.0,sage,grad,0,k5,0.8,0.1033,0.6408,0.1105,1.3054,0.3844,45.25,9.6988,28.0,0.0
clique,0.0,sage,grad,0,oracle,0.7478,0.0618,0.6408,0.1105,1.2135,0.3113,45.25,9.6988,28.0,0.0
clique,0.0,sage,grad,1,k1,0.488,0.5019,0.6245,0.1272,0.7646,0.8259,48.264,17.5812,28.0,0.0
clique,0.0,sage,grad,1,k10,0.792,0.1154,0.6245,0.1272,1.3843,0.6189,48.264,17.5812,28.0,0.0
clique,0.0,sage,grad,1,k20,0.7548,0.0802,0.6245,0.1272,1.316,0.5698,48.264,17.5812,28.0,0.0
clique,0.0,sage,grad,1,k3,0.72,0.1766,0.6245,0.1272,1.2339,0.4855,48.264,17.5812,28.0,0.0
clique,0.0,sage,grad,1,k5,0.7664,0.1289,0.6245,0.1272,1.3302,0.5578,48.264,17.5812,28.0,0.0
clique,0.0,sage,grad,1,oracle,0.7331,0.0634,0.6245,0.1272,1.273,0.5305,48.264,17.5812,28.0,0.0
clique,0.0,sage,ig,0,k1,0.625,0.5,0.6408,0.1105,1.0513,0.8978,45.25,9.6988,28.0,0.0
clique,0.0,sage,ig,0,k10,0.8,0.0966,0.6408,0.1105,1.302,0.3631,45.25,9.6988,28.0,0.0
clique,0.0,sage,ig,0,k20,0.7812,0.0892,0.6408,0.1105,1.272,0.3598,45.25,9.6988,28.0,0.0
clique,0.0,sage,ig,0,k3,0.7083,0.1667,0.6408,0.1105,1.1562,0.4113,45.25,9.6988,28.0,0.0
clique,0.0,sage,ig,0,k5,0.8,0.1033,0.6408,0.1105,1.3054,0.3844,45.25,9.6988,28.0,0.0
clique,0.0,sage,ig,0,oracle,0.7478,0.0618,0.6408,0.1105,1.2135,0.3113,45.25,9.6988,28.0,0.0
clique,0.0,sage,ig,1,k1,0.488,0.5019,0.6245,0.1272,0.7646,0.8259,48.264,17.5812,28.0,0.0
clique,0.0,sage,ig,1,k10,0.792,0.1154,0.6245,0.1272,1.3843,0.6189,48.264,17.5812,28.0,0.0
clique,0.0,sage,ig,1,k20,0.7548,0.0802,0.6245,0.1272,1.316,0.5698,48.264,17.5812,28.0,0.0
clique,0.0,sage,ig,1,k3,0.72,0.1766,0.6245,0.1272,1.2339,0.4855,48.264,17.5812,28.0,0.0
clique,0.0,sage,ig,1,k5,0.7664,0.1289,0.6245,0.1272,1.3302,0.5578,48.264,17.5812,28.0,0.0
clique,0.0,sage,ig,1,oracle,0.7331,0.0634,0.6245,0.1272,1.273,0.5305,48.264,17.5812,28.0,0.0
clique,0.0,sage,random,0,k1,0.4375,0.5123,0.6408,0.1105,0.683,0.8277,45.25,9.6988,28.0,0.0
clique,0.0,sage,random,0,k10,0.6562,0.1153,0.6408,0.1105,1.0397,0.1893,45.25,9.6988,28.0,0.0
clique,0.0,sage,random,0,k20,0.6469,0.1217,0.6408,0.1105,1.0106,0.1057,45.25,9.6988,28.0,0.0
clique,0.0,sage,random,0,k3,0.6042,0.2781,0.6408,0.1105,0.9249,0.3346,45.25,9.6988,28.0,0.0
clique,0.0,sage,random,0,k5,0.6,0.1633,0.6408,0.1105,0.9393,0.1985,45.25,9.6988,28.0,0.0
clique,0.0,sage,random,0,oracle,0.6429,0.1251,0.6408,0.1105,1.0009,0.0598,45.25,9.6988,28.0,0.0
clique,0.0,sage,random,1,k1,0.576,0.4962,0.6245,0.1272,0.9591,0.9126,48.264,17.5812,28.0,0.0
clique,0.0,sage,random,1,k10,0.6136,0.1715,0.6245,0.1272,0.9928,0.2664,48.264,17.5812,28.0,0.0
clique,0.0,sage,random,1,k20,0.6212,0.1494,0.6245,0.1272,0.9974,0.1698,48.264,17.5812,28.0,0.0
clique,0.0,sage,random,1,k3,0.584,0.2699,0.6245,0.1272,0.9506,0.5012,48.264,17.5812,28.0,0.0
clique,0.0,sage,random,1,k5,0.5872,0.2181,0.6245,0.1272,0.9563,0.3707,48.264,17.5812,28.0,0.0
clique,0.0,sage,random,1,oracle,0.6183,0.1359,0.6245,0.1272,0.9921,0.1173,48.264,17.5812,28.0,0.0
clique,0.5,gcn,gnnexplainer,0,k1,0.2727,0.4671,0.1915,0.0552,1.8442,3.2236,165.1818,56.0889,29.0,1.8439
clique,0.5,gcn,gnnexplainer,0,k10,0.3727,0.2412,0.1915,0.0552,2.3496,1.9118,165.1818,56.0889,29.0,1.8439
clique,0.5,gcn,gnnexplainer,0,k20,0.3818,0.127,0.1915,0.0552,2.2033,1.0567,165.1818,56.0889,29.0,1.8439
clique,0.5,gcn,gnnexplainer,0,k3,0.303,0.3787,0.1915,0.0552,2.0347,2.8859,165.1818,56.0889,29.0,1.8439
clique,0.5,gcn,gnnexplainer,0,k5,0.3636,0.3668,0.1915,0.0552,2.4045,2.8845,165.1818,56.0889,29.0,1.8439
clique,0.5,gcn,gnnexplainer,0,oracle,0.3579,0.0682,0.1915,0.0552,2.0216,0.7146,165.1818,56.0889,29.0,1.8439
clique,0.5,gcn,gnnexplainer,1,k1,0.576,0.4962,0.1868,0.0429,3.4039,3.134,165.608,48.918,29.0,1.7871
clique,0.5,gcn,gnnexplainer,1,k10,0.4992,0.2176,0.1868,0.0429,2.8649,1.5628,165.608,48.918,29.0,1.7871
clique,0.5,gcn,gnnexplainer,1,k20,0.398,0.1601,0.1868,0.0429,2.2749,1.1879,165.608,48.918,29.0,1.7871
clique,0.5,gcn,gnnexplainer,1,k3,0.5653,0.3445,0.1868,0.0429,3.3162,2.3404,165.608,48.918,29.0,1.7871
clique,0.5,gcn,gnnexplainer,1,k5,0.544,0.2801,0.1868,0.0429,3.1919,2.0499,165.608,48.918,29.0,1.7871
clique,0.5,gcn,gnnexplainer,1,oracle,0.3519,0.1337,0.1868,0.0429,1.9942,0.9412,165.608,48.918,29.0,1.7871
clique,0.5,gcn,grad,0,k1,0.0,0.0,0.1915,0.0552,0.0,0.0,165.1818,56.0889,29.0,1.8439
clique,0.5,gcn,grad,0,k10,0.4545,0.1036,0.1915,0.0552,2.5971,1.1488,165.1818,56.0889,29.0,1.8439
clique,0.5,gcn,grad,0,k20,0.3409,0.0302,0.1915,0.0552,1.9391,0.6327,165.1818,56.0889,29.0,1.8439
clique,0.5,gcn,grad,0,k3,0.2727,0.201,0.1915,0.0552,1.6394,1.1409,165.1818,56.0889,29.0,1.8439
clique,0.5,gcn,grad,0,k5,0.3818,0.1662,0.1915,0.0552,2.1542,1.1569,165.1818,56.0889,29.0,1.8439
clique,0.5,gcn,grad,0,oracle,0.2953,0.0526,0.1915,0.0552,1.6761,0.6121,165.1818,56.0889,29.0,1.8439
clique,0.5,gcn,grad,1,k1,0.336,0.4742,0.1868,0.0429,1.8976,2.7889,165.608,48.918,29.0,1.7871
clique,0.5,gcn,grad,1,k10,0.4712,0.119,0.1868,0.0429,2.6957,1.0438,165.608,48.918,29.0,1.7871
clique,0.5,gcn,grad,1,k20,0.34,0.0606,0.1868,0.0429,1.944,0.6581,165.608,48.918,29.0,1.7871
clique,0.5,gcn,grad,1,k3,0.4907,0.2826,0.1868,0.0429,2.8322,1.9713,165.608,48.918,29.0,1.7871
clique,0.5,gcn,grad,1,k5,0.528,0.2146,0.1868,0.0429,3.0426,1.6068,165.608,48.918,29.0,1.7871
clique,0.5,gcn,grad,1,oracle,0.2948,0.0518,0.1868,0.0429,1.6793,0.5438,165.608,48.918,29.0,1.7871
clique,0.5,gcn,ig,0,k1,0.6364,0.5045,0.1915,0.0552,3.3789,2.9604,165.1818,56.0889,29.0,1.8439
clique,0.5,gcn,ig,0,k10,0.5636,0.1362,0.1915,0.0552,3.1124,1.0644,165.1818,56.0889,29.0,1.8439
clique,0.5,gcn,ig,0,k20,0.3773,0.0786,0.1915,0.0552,2.0982,0.6445,165.1818,56.0889,29.0,1.8439
clique,0.5,gcn,ig,0,k3,0.6667,0.3333,0.1915,0.0552,3.6266,2.009,165.1818,56.0889,29.0,1.8439
clique,0.5,gcn,ig,0,k5,0.6909,0.1868,0.1915,0.0552,3.7938,1.3988,165.1818,56.0889,29.0,1.8439
clique,0.5,gcn,ig,0,oracle,0.3277,0.0746,0.1915,0.0552,1.8534,0.7395,165.1818,56.0889,29.0,1.8439
clique,0.5,gcn,ig,1,k1,0.6,0.4919,0.1868,0.0429,3.4252,3.0119,165.608,48.918,29.0,1.7871
clique,0.5,gcn,ig,1,k10,0.5576,0.1034,0.1868,0.0429,3.1817,1.0669,165.608,48.918,29.0,1.7871
clique,0.5,gcn,ig,1,k20,0.3964,0.0716,0.1868,0.0429,2.2669,0.7698,165.608,48.918,29.0,1.7871
clique,0.5,gcn,ig,1,k3,0.6133,0.2945,0.1868,0.0429,3.4674,1.9318,165.608,48.918,29.0,1.7871
clique,0.5,gcn,ig,1,k5,0.6208,0.2138,0.1868,0.0429,3.5531,1.6521,165.608,48.918,29.0,1.7871
clique,0.5,gcn,ig,1,oracle,0.3325,0.0739,0.1868,0.0429,1.894,0.6594,165.608,48.918,29.0,1.7871
clique,0.5,gcn,random,0,k1,0.1818,0.4045,0.1915,0.0552,1.1303,2.6293,165.1818,56.0889,29.0,1.8439
clique,0.5,gcn,random,0,k10,0.1818,0.1471,0.1915,0.0552,0.9238,0.6844,165.1818,56.0889,29.0,1.8439
clique,0.5,gcn,random,0,k20,0.1909,0.13,0.1915,0.0552,0.9903,0.5625,165.1818,56.0889,29.0,1.8439
clique,0.5,gcn,random,0,k3,0.2727,0.2913,0.1915,0.0552,1.4412,1.4408,165.1818,56.0889,29.0,1.8439
clique,0.5,gcn,random,0,k5,0.2545,0.2382,0.1915,0.0552,1.3126,1.1789,165.1818,56.0889,29.0,1.8439
clique,0.5,gcn,random,0,oracle,0.1846,0.1109,0.1915,0.0552,0.9366,0.4142,165.1818,56.0889,29.0,1.8439
clique,0.5,gcn,random,1,k1,0.192,0.3955,0.1868,0.0429,1.0771,2.3172,165.608,48.918,29.0,1.7871
clique,0.5,gcn,random,1,k10,0.1936,0.1348,0.1868,0.0429,1.0254,0.6838,165.608,48.918,29.0,1.7871
clique,0.5,gcn,random,1,k20,0.1828,0.0961,0.1868,0.0429,0.976,0.4958,165.608,48.918,29.0,1.7871
clique,0.5,gcn,random,1,k3,0.2107,0.2301,0.1868,0.0429,1.1369,1.2834,165.608,48.918,29.0,1.7871
clique,0.5,gcn,random,1,k5,0.1952,0.184,0.1868,0.0429,1.0415,1.001,165.608,48.918,29.0,1.7871
clique,0.5,gcn,random,1,oracle,0.1859,0.0806,0.1868,0.0429,0.996,0.4064,165.608,48.918,29.0,1.7871
clique,0.5,sage,gnnexplainer,0,k1,0.1316,0.3426,0.202,0.0445,0.7328,2.0278,152.6842,46.5218,28.9211,1.4774
clique,0.5,sage,gnnexplainer,0,k10,0.1605,0.2138,0.202,0.0445,0.8941,1.469,152.6842,46.5218,28.9211,1.4774
clique,0.5,sage,gnnexplainer,0,k20,0.2789,0.1788,0.202,0.0445,1.4987,1.3216,152.6842,46.5218,28.9211,1.4774
clique,0.5,sage,gnnexplainer,0,k3,0.1228,0.2731,0.202,0.0445,0.7007,1.7156,152.6842,46.5218,28.9211,1.4774
clique,0.5,sage,gnnexplainer,0,k5,0.1316,0.2559,0.202,0.0445,0.7479,1.5859,152.6842,46.5218,28.9211,1.4774
clique,0.5,sage,gnnexplainer,0,oracle,0.3557,0.1098,0.202,0.0445,1.8591,0.8557,152.6842,46.5218,28.9211,1.4774
clique,0.5,sage,gnnexplainer,1,k1,0.584,0.4949,0.1904,0.0415,3.3779,3.0559,160.36,42.3416,28.888,1.5771
clique,0.5,sage,gnnexplainer,1,k10,0.5104,0.2136,0.1904,0.0415,2.8463,1.5431,160.36,42.3416,28.888,1.5771
clique,0.5,sage,gnnexplainer,1,k20,0.4304,0.1458,0.1904,0.0415,2.3853,1.0446,160.36,42.3416,28.888,1.5771
clique,0.5,sage,gnnexplainer,1,k3,0.584,0.3533,0.1904,0.0415,3.3847,2.4768,160.36,42.3416,28.888,1.5771
clique,0.5,sage,gnnexplainer,1,k5,0.5664,0.2871,0.1904,0.0415,3.2323,2.0969,160.36,42.3416,28.888,1.5771
clique,0.5,sage,gnnexplainer,1,oracle,0.386,0.1034,0.1904,0.0415,2.1312,0.7861,160.36,42.3416,28.888,1.5771
clique,0.5,sage,grad,0,k1,0.6053,0.4954,0.202,0.0445,3.2293,2.8589,152.6842,46.5218,28.9211,1.4774
clique,0.5,sage,grad,0,k10,0.5289,0.0732,0.202,0.0445,2.7948,0.9487,152.6842,46.5218,28.9211,1.4774
clique,0.5,sage,grad,0,k20,0.4197,0.081,0.202,0.0445,2.2294,0.8423,152.6842,46.5218,28.9211,1.4774
clique,0.5,sage,grad,0,k3,0.5263,0.2405,0.202,0.0445,2.7216,1.2558,152.6842,46.5218,28.9211,1.4774
clique,0.5,sage,grad,0,k5,0.5211,0.151,0.202,0.0445,2.7135,1.0216,152.6842,46.5218,28.9211,1.4774
clique,0.5,sage,grad,0,oracle,0.4017,0.0792,0.202,0.0445,2.1011,0.6812,152.6842,46.5218,28.9211,1.4774
clique,0.5,sage,grad,1,k1,0.504,0.502,0.1904,0.0415,2.7385,2.8575,160.36,42.3416,28.888,1.5771
clique,0.5,sage,grad,1,k10,0.52,0.0842,0.1904,0.0415,2.8891,0.8781,160.36,42.3416,28.888,1.5771
clique,0.5,sage,grad,1,k20,0.44,0.0918,0.1904,0.0415,2.4619,0.8844,160.36,42.3416,28.888,1.5771
clique,0.5,sage,grad,1,k3,0.568,0.2201,0.1904,0.0415,3.1284,1.386,160.36,42.3416,28.888,1.5771
clique,0.5,sage,grad,1,k5,0.5552,0.1478,0.1904,0.0415,3.0951,1.1675,160.36,42.3416,28.888,1.5771
clique,0.5,sage,grad,1,oracle,0.4194,0.0795,0.1904,0.0415,2.3342,0.7957,160.36,42.3416,28.888,1.5771
clique,0.5,sage,ig,0,k1,0.6053,0.4954,0.202,0.0445,3.2293,2.8589,152.6842,46.5218,28.9211,1.4774
clique,0.5,sage,ig,0,k10,0.5289,0.0732,0.202,0.0445,2.7948,0.9487,152.6842,46.5218,28.9211,1.4774
clique,0.5,sage,ig,0,k20,0.4197,0.081,0.202,0.0445,2.2294,0.8423,152.6842,46.5218,28.9211,1.4774
clique,0.5,sage,ig,0,k3,0.5263,0.2405,0.202,0.0445,2.7216,1.2558,152.6842,46.5218,28.9211,1.4774
clique,0.5,sage,ig,0,k5,0.5211,0.151,0.202,0.0445,2.7135,1.0216,152.6842,46.5218,28.9211,1.4774
clique,0.5,sage,ig,0,oracle,0.4017,0.0792,0.202,0.0445,2.1011,0.6812,152.6842,46.5218,28.9211,1.4774
clique,0.5,sage,ig,1,k1,0.504,0.502,0.1904,0.0415,2.7385,2.8575,160.36,42.3416,28.888,1.5771
clique,0.5,sage,ig,1,k10,0.52,0.0842,0.1904,0.0415,2.8891,0.8781,160.36,42.3416,28.888,1.5771
clique,0.5,sage,ig,1,k20,0.44,0.0918,0.1904,0.0415,2.4619,0.8844,160.36,42.3416,28.888,1.5771
clique,0.5,sage,ig,1,k3,0.568,0.2201,0.1904,0.0415,3.1284,1.386,160.36,42.3416,28.888,1.5771
clique,0.5,sage,ig,1,k5,0.5552,0.1478,0.1904,0.0415,3.0951,1.1675,160.36,42.3416,28.888,1.5771
clique,0.5,sage,ig,1,oracle,0.4194,0.0795,0.1904,0.0415,2.3342,0.7957,160.36,42.3416,28.888,1.5771
clique,0.5,sage,random,0,k1,0.1842,0.3929,0.202,0.0445,1.1637,2.6091,152.6842,46.5218,28.9211,1.4774
clique,0.5,sage,random,0,k10,0.1763,0.1403,0.202,0.0445,0.8724,0.6268,152.6842,46.5218,28.9211,1.4774
clique,0.5,sage,random,0,k20,0.1921,0.0983,0.202,0.0445,0.9673,0.4539,152.6842,46.5218,28.9211,1.4774
clique,0.5,sage,random,0,k3,0.2193,0.2484,0.202,0.0445,1.1374,1.2886,152.6842,46.5218,28.9211,1.4774
clique,0.5,sage,random,0,k5,0.2158,0.2099,0.202,0.0445,1.0853,1.0356,152.6842,46.5218,28.9211,1.4774
clique,0.5,sage,random,0,oracle,0.1925,0.084,0.202,0.0445,0.9543,0.3428,152.6842,46.5218,28.9211,1.4774
clique,0.5,sage,random,1,k1,0.184,0.389,0.1904,0.0415,1.0256,2.229,160.36,42.3416,28.888,1.5771
clique,0.5,sage,random,1,k10,0.1848,0.1332,0.1904,0.0415,0.9498,0.621,160.36,42.3416,28.888,1.5771
clique,0.5,sage,random,1,k20,0.1788,0.0974,0.1904,0.0415,0.9277,0.4558,160.36,42.3416,28.888,1.5771
clique,0.5,sage,random,1,k3,0.1893,0.2253,0.1904,0.0415,1.0028,1.1873,160.36,42.3416,28.888,1.5771
clique,0.5,sage,random,1,k5,0.1888,0.1784,0.1904,0.0415,0.9805,0.9143,160.36,42.3416,28.888,1.5771
clique,0.5,sage,random,1,oracle,0.1837,0.0832,0.1904,0.0415,0.9568,0.3759,160.36,42.3416,28.888,1.5771
clique,1.0,gcn,gnnexplainer,0,k1,0.2917,0.4643,0.123,0.0169,2.6523,4.2514,256.625,46.7517,30.9167,2.7806
clique,1.0,gcn,gnnexplainer,0,k10,0.475,0.18,0.123,0.0169,4.0286,1.7897,256.625,46.7517,30.9167,2.7806
clique,1.0,gcn,gnnexplainer,0,k20,0.3875,0.0811,0.123,0.0169,3.2506,0.9966,256.625,46.7517,30.9167,2.7806
clique,1.0,gcn,gnnexplainer,0,k3,0.4306,0.3472,0.123,0.0169,3.7326,3.1183,256.625,46.7517,30.9167,2.7806
clique,1.0,gcn,gnnexplainer,0,k5,0.5083,0.3063,0.123,0.0169,4.3637,2.7662,256.625,46.7517,30.9167,2.7806
clique,1.0,gcn,gnnexplainer,0,oracle,0.298,0.0644,0.123,0.0169,2.4862,0.7286,256.625,46.7517,30.9167,2.7806
clique,1.0,gcn,gnnexplainer,1,k1,0.544,0.5001,0.1276,0.0195,4.4004,4.1562,274.712,67.8946,34.224,6.6428
clique,1.0,gcn,gnnexplainer,1,k10,0.5056,0.1779,0.1276,0.0195,4.0487,1.5051,274.712,67.8946,34.224,6.6428
clique,1.0,gcn,gnnexplainer,1,k20,0.3992,0.1268,0.1276,0.0195,3.1955,1.0884,274.712,67.8946,34.224,6.6428
clique,1.0,gcn,gnnexplainer,1,k3,0.56,0.3157,0.1276,0.0195,4.5407,2.7897,274.712,67.8946,34.224,6.6428
clique,1.0,gcn,gnnexplainer,1,k5,0.5872,0.2406,0.1276,0.0195,4.7342,2.1387,274.712,67.8946,34.224,6.6428
clique,1.0,gcn,gnnexplainer,1,oracle,0.3249,0.1006,0.1276,0.0195,2.5921,0.8415,274.712,67.8946,34.224,6.6428
clique,1.0,gcn,grad,0,k1,0.0417,0.2041,0.123,0.0169,0.4356,2.134,256.625,46.7517,30.9167,2.7806
clique,1.0,gcn,grad,0,k10,0.3458,0.0932,0.123,0.0169,2.8413,0.7398,256.625,46.7517,30.9167,2.7806
clique,1.0,gcn,grad,0,k20,0.2896,0.0361,0.123,0.0169,2.4111,0.521,256.625,46.7517,30.9167,2.7806
clique,1.0,gcn,grad,0,k3,0.1389,0.1679,0.123,0.0169,1.2014,1.482,256.625,46.7517,30.9167,2.7806
clique,1.0,gcn,grad,0,k5,0.2667,0.1404,0.123,0.0169,2.2247,1.2008,256.625,46.7517,30.9167,2.7806
clique,1.0,gcn,grad,0,oracle,0.2246,0.031,0.123,0.0169,1.8517,0.3111,256.625,46.7517,30.9167,2.7806
clique,1.0,gcn,grad,1,k1,0.152,0.3605,0.1276,0.0195,1.2864,3.0793,274.712,67.8946,34.224,6.6428
clique,1.0,gcn,grad,1,k10,0.356,0.126,0.1276,0.0195,2.8529,1.0741,274.712,67.8946,34.224,6.6428
clique,1.0,gcn,grad,1,k20,0.2812,0.053,0.1276,0.0195,2.2606,0.5607,274.712,67.8946,34.224,6.6428
clique,1.0,gcn,grad,1,k3,0.2773,0.2566,0.1276,0.0195,2.2457,2.1711,274.712,67.8946,34.224,6.6428
clique,1.0,gcn,grad,1,k5,0.3232,0.2182,0.1276,0.0195,2.6012,1.8291,274.712,67.8946,34.224,6.6428
clique,1.0,gcn,grad,1,oracle,0.2131,0.0398,0.1276,0.0195,1.7112,0.4148,274.712,67.8946,34.224,6.6428
clique,1.0,gcn,ig,0,k1,0.4167,0.5036,0.123,0.0169,3.4432,4.2238,256.625,46.7517,30.9167,2.7806
clique,1.0,gcn,ig,0,k10,0.4875,0.1262,0.123,0.0169,4.0527,1.2348,256.625,46.7517,30.9167,2.7806
clique,1.0,gcn,ig,0,k20,0.3208,0.0415,0.123,0.0169,2.651,0.482,256.625,46.7517,30.9167,2.7806
clique,1.0,gcn,ig,0,k3,0.5278,0.2585,0.123,0.0169,4.4409,2.5013,256.625,46.7517,30.9167,2.7806
clique,1.0,gcn,ig,0,k5,0.55,0.1978,0.123,0.0169,4.6746,2.0955,256.625,46.7517,30.9167,2.7806
clique,1.0,gcn,ig,0,oracle,0.2685,0.0348,0.123,0.0169,2.2242,0.4323,256.625,46.7517,30.9167,2.7806
clique,1.0,gcn,ig,1,k1,0.432,0.4973,0.1276,0.0195,3.4728,4.0786,274.712,67.8946,34.224,6.6428
clique,1.0,gcn,ig,1,k10,0.4912,0.1191,0.1276,0.0195,3.9472,1.1533,274.712,67.8946,34.224,6.6428
clique,1.0,gcn,ig,1,k20,0.3236,0.0533,0.1276,0.0195,2.6017,0.6124,274.712,67.8946,34.224,6.6428
clique,1.0,gcn,ig,1,k3,0.568,0.2872,0.1276,0.0195,4.5814,2.5563,274.712,67.8946,34.224,6.6428
clique,1.0,gcn,ig,1,k5,0.5584,0.2204,0.1276,0.0195,4.515,2.0311,274.712,67.8946,34.224,6.6428
clique,1.0,gcn,ig,1,oracle,0.251,0.0502,0.1276,0.0195,2.0162,0.5356,274.712,67.8946,34.224,6.6428
clique,1.0,gcn,random,0,k1,0.0833,0.2823,0.123,0.0169,0.6549,2.2188,256.625,46.7517,30.9167,2.7806
clique,1.0,gcn,random,0,k10,0.0958,0.0806,0.123,0.0169,0.7787,0.6514,256.625,46.7517,30.9167,2.7806
clique,1.0,gcn,random,0,k20,0.1208,0.069,0.123,0.0169,0.9936,0.5899,256.625,46.7517,30.9167,2.7806
clique,1.0,gcn,random,0,k3,0.0833,0.1772,0.123,0.0169,0.631,1.3559,256.625,46.7517,30.9167,2.7806
clique,1.0,gcn,random,0,k5,0.0833,0.1167,0.123,0.0169,0.7029,0.977,256.625,46.7517,30.9167,2.7806
clique,1.0,gcn,random,0,oracle,0.1206,0.0619,0.123,0.0169,0.9903,0.5479,256.625,46.7517,30.9167,2.7806
clique,1.0,gcn,random,1,k1,0.112,0.3166,0.1276,0.0195,0.8675,2.4929,274.712,67.8946,34.224,6.6428
clique,1.0,gcn,random,1,k10,0.1264,0.1041,0.1276,0.0195,0.9875,0.7937,274.712,67.8946,34.224,6.6428
clique,1.0,gcn,random,1,k20,0.1284,0.0781,0.1276,0.0195,0.9983,0.5732,274.712,67.8946,34.224,6.6428
clique,1.0,gcn,random,1,k3,0.1147,0.1945,0.1276,0.0195,0.9088,1.5297,274.712,67.8946,34.224,6.6428
clique,1.0,gcn,random,1,k5,0.1328,0.1501,0.1276,0.0195,1.0403,1.181,274.712,67.8946,34.224,6.6428
clique,1.0,gcn,random,1,oracle,0.128,0.0582,0.1276,0.0195,1.0048,0.4362,274.712,67.8946,34.224,6.6428
clique,1.0,sage,gnnexplainer,0,k1,0.1452,0.3551,0.1289,0.0197,1.2131,3.0101,260.8387,62.2004,32.7258,5.1316
clique,1.0,sage,gnnexplainer,0,k10,0.2806,0.1809,0.1289,0.0197,2.216,1.5793,260.8387,62.2004,32.7258,5.1316
clique,1.0,sage,gnnexplainer,0,k20,0.3137,0.148,0.1289,0.0197,2.4894,1.3181,260.8387,62.2004,32.7258,5.1316
clique,1.0,sage,gnnexplainer,0,k3,0.1613,0.1978,0.1289,0.0197,1.3159,1.6689,260.8387,62.2004,32.7258,5.1316
clique,1.0,sage,gnnexplainer,0,k5,0.2323,0.199,0.1289,0.0197,1.8795,1.7403,260.8387,62.2004,32.7258,5.1316
clique,1.0,sage,gnnexplainer,0,oracle,0.2974,0.0947,0.1289,0.0197,2.3554,0.8417,260.8387,62.2004,32.7258,5.1316
clique,1.0,sage,gnnexplainer,1,k1,0.304,0.4618,0.1236,0.0177,2.5495,3.9311,275.088,61.7991,33.368,6.2779
clique,1.0,sage,gnnexplainer,1,k10,0.424,0.1775,0.1236,0.0177,3.5018,1.6081,275.088,61.7991,33.368,6.2779
clique,1.0,sage,gnnexplainer,1,k20,0.3464,0.1192,0.1236,0.0177,2.8536,1.068,275.088,61.7991,33.368,6.2779
clique,1.0,sage,gnnexplainer,1,k3,0.3893,0.3015,0.1236,0.0177,3.2642,2.6979,275.088,61.7991,33.368,6.2779
clique,1.0,sage,gnnexplainer,1,k5,0.424,0.2598,0.1236,0.0177,3.5443,2.3469,275.088,61.7991,33.368,6.2779
clique,1.0,sage,gnnexplainer,1,oracle,0.2706,0.0867,0.1236,0.0177,2.232,0.7945,275.088,61.7991,33.368,6.2779
clique,1.0,sage,grad,0,k1,0.5161,0.5038,0.1289,0.0197,4.0332,4.0498,260.8387,62.2004,32.7258,5.1316
clique,1.0,sage,grad,0,k10,0.471,0.0965,0.1289,0.0197,3.7387,0.9766,260.8387,62.2004,32.7258,5.1316
clique,1.0,sage,grad,0,k20,0.3726,0.0525,0.1289,0.0197,2.9579,0.6358,260.8387,62.2004,32.7258,5.1316
clique,1.0,sage,grad,0,k3,0.4194,0.2333,0.1289,0.0197,3.2243,1.8094,260.8387,62.2004,32.7258,5.1316
clique,1.0,sage,grad,0,k5,0.4484,0.1973,0.1289,0.0197,3.5157,1.5529,260.8387,62.2004,32.7258,5.1316
clique,1.0,sage,grad,0,oracle,0.3391,0.0544,0.1289,0.0197,2.6936,0.62,260.8387,62.2004,32.7258,5.1316
clique,1.0,sage,grad,1,k1,0.4,0.4919,0.1236,0.0177,3.2471,4.0632,275.088,61.7991,33.368,6.2779
clique,1.0,sage,grad,1,k10,0.4376,0.1005,0.1236,0.0177,3.6092,0.9975,275.088,61.7991,33.368,6.2779
clique,1.0,sage,grad,1,k20,0.3596,0.0692,0.1236,0.0177,2.9799,0.7711,275.088,61.7991,33.368,6.2779
clique,1.0,sage,grad,1,k3,0.4267,0.2697,0.1236,0.0177,3.4976,2.2819,275.088,61.7991,33.368,6.2779
clique,1.0,sage,grad,1,k5,0.448,0.1908,0.1236,0.0177,3.6742,1.6438,275.088,61.7991,33.368,6.2779
clique,1.0,sage,grad,1,oracle,0.32,0.067,0.1236,0.0177,2.6592,0.7547,275.088,61.7991,33.368,6.2779
clique,1.0,sage,ig,0,k1,0.5161,0.5038,0.1289,0.0197,4.0332,4.0498,260.8387,62.2004,32.7258,5.1316
clique,1.0,sage,ig,0,k10,0.471,0.0965,0.1289,0.0197,3.7387,0.9766,260.8387,62.2004,32.7258,5.1316
clique,1.0,sage,ig,0,k20,0.3726,0.0525,0.1289,0.0197,2.9579,0.6358,260.8387,62.2004,32.7258,5.1316
clique,1.0,sage,ig,0,k3,0.4194,0.2333,0.1289,0.0197,3.2243,1.8094,260.8387,62.2004,32.7258,5.1316
clique,1.0,sage,ig,0,k5,0.4484,0.1973,0.1289,0.0197,3.5157,1.5529,260.8387,62.2004,32.7258,5.1316
clique,1.0,sage,ig,0,oracle,0.3391,0.0544,0.1289,0.0197,2.6936,0.62,260.8387,62.2004,32.7258,5.1316
clique,1.0,sage,ig,1,k1,0.4,0.4919,0.1236,0.0177,3.2471,4.0632,275.088,61.7991,33.368,6.2779
clique,1.0,sage,ig,1,k10,0.4376,0.1005,0.1236,0.0177,3.6092,0.9975,275.088,61.7991,33.368,6.2779
clique,1.0,sage,ig,1,k20,0.3596,0.0692,0.1236,0.0177,2.9799,0.7711,275.088,61.7991,33.368,6.2779
clique,1.0,sage,ig,1,k3,0.4267,0.2697,0.1236,0.0177,3.4976,2.2819,275.088,61.7991,33.368,6.2779
clique,1.0,sage,ig,1,k5,0.448,0.1908,0.1236,0.0177,3.6742,1.6438,275.088,61.7991,33.368,6.2779
clique,1.0,sage,ig,1,oracle,0.32,0.067,0.1236,0.0177,2.6592,0.7547,275.088,61.7991,33.368,6.2779
clique,1.0,sage,random,0,k1,0.0968,0.2981,0.1289,0.0197,0.7275,2.2606,260.8387,62.2004,32.7258,5.1316
clique,1.0,sage,random,0,k10,0.1129,0.0932,0.1289,0.0197,0.8723,0.6957,260.8387,62.2004,32.7258,5.1316
clique,1.0,sage,random,0,k20,0.1194,0.0661,0.1289,0.0197,0.9324,0.5211,260.8387,62.2004,32.7258,5.1316
clique,1.0,sage,random,0,k3,0.0968,0.1849,0.1289,0.0197,0.7292,1.3943,260.8387,62.2004,32.7258,5.1316
clique,1.0,sage,random,0,k5,0.1258,0.1503,0.1289,0.0197,0.966,1.1499,260.8387,62.2004,32.7258,5.1316
clique,1.0,sage,random,0,oracle,0.1217,0.0577,0.1289,0.0197,0.956,0.4745,260.8387,62.2004,32.7258,5.1316
clique,1.0,sage,random,1,k1,0.08,0.2724,0.1236,0.0177,0.6852,2.3678,275.088,61.7991,33.368,6.2779
clique,1.0,sage,random,1,k10,0.1072,0.0909,0.1236,0.0177,0.8689,0.7276,275.088,61.7991,33.368,6.2779
clique,1.0,sage,random,1,k20,0.1208,0.0776,0.1236,0.0177,0.9661,0.5735,275.088,61.7991,33.368,6.2779
clique,1.0,sage,random,1,k3,0.0987,0.1695,0.1236,0.0177,0.822,1.438,275.088,61.7991,33.368,6.2779
clique,1.0,sage,random,1,k5,0.104,0.1285,0.1236,0.0177,0.8588,1.068,275.088,61.7991,33.368,6.2779
clique,1.0,sage,random,1,oracle,0.1204,0.0582,0.1236,0.0177,0.9685,0.4287,275.088,61.7991,33.368,6.2779
clique,2.0,gcn,gnnexplainer,0,k1,0.3333,0.488,0.1045,0.0161,2.8768,4.2367,623.4667,103.3309,66.1333,18.3881
clique,2.0,gcn,gnnexplainer,0,k10,0.4267,0.1534,0.1045,0.0161,4.0711,1.5175,623.4667,103.3309,66.1333,18.3881
clique,2.0,gcn,gnnexplainer,0,k20,0.3033,0.0442,0.1045,0.0161,2.9715,0.6472,623.4667,103.3309,66.1333,18.3881
clique,2.0,gcn,gnnexplainer,0,k3,0.3778,0.2477,0.1045,0.0161,3.4957,2.2127,623.4667,103.3309,66.1333,18.3881
clique,2.0,gcn,gnnexplainer,0,k5,0.4,0.2268,0.1045,0.0161,3.75,2.0487,623.4667,103.3309,66.1333,18.3881
clique,2.0,gcn,gnnexplainer,0,oracle,0.156,0.0353,0.1045,0.0161,1.57,0.5836,623.4667,103.3309,66.1333,18.3881
clique,2.0,gcn,gnnexplainer,1,k1,0.328,0.4714,0.1039,0.0145,3.251,4.7364,626.848,124.1585,66.024,19.2373
clique,2.0,gcn,gnnexplainer,1,k10,0.3048,0.1513,0.1039,0.0145,2.9902,1.5462,626.848,124.1585,66.024,19.2373
clique,2.0,gcn,gnnexplainer,1,k20,0.2436,0.1053,0.1039,0.0145,2.3907,1.0823,626.848,124.1585,66.024,19.2373
clique,2.0,gcn,gnnexplainer,1,k3,0.3627,0.2933,0.1039,0.0145,3.5097,2.8823,626.848,124.1585,66.024,19.2373
clique,2.0,gcn,gnnexplainer,1,k5,0.336,0.2322,0.1039,0.0145,3.2696,2.2857,626.848,124.1585,66.024,19.2373
clique,2.0,gcn,gnnexplainer,1,oracle,0.1439,0.0604,0.1039,0.0145,1.4344,0.6957,626.848,124.1585,66.024,19.2373
clique,2.0,gcn,grad,0,k1,0.0,0.0,0.1045,0.0161,0.0,0.0,623.4667,103.3309,66.1333,18.3881
clique,2.0,gcn,grad,0,k10,0.1067,0.0704,0.1045,0.0161,1.0524,0.7289,623.4667,103.3309,66.1333,18.3881
clique,2.0,gcn,grad,0,k20,0.1867,0.0611,0.1045,0.0161,1.8614,0.8043,623.4667,103.3309,66.1333,18.3881
clique,2.0,gcn,grad,0,k3,0.0222,0.0861,0.1045,0.0161,0.2139,0.8283,623.4667,103.3309,66.1333,18.3881
clique,2.0,gcn,grad,0,k5,0.0667,0.0976,0.1045,0.0161,0.6772,1.025,623.4667,103.3309,66.1333,18.3881
clique,2.0,gcn,grad,0,oracle,0.105,0.032,0.1045,0.0161,1.0597,0.4828,623.4667,103.3309,66.1333,18.3881
clique,2.0,gcn,grad,1,k1,0.0,0.0,0.1039,0.0145,0.0,0.0,626.848,124.1585,66.024,19.2373
clique,2.0,gcn,grad,1,k10,0.08,0.0925,0.1039,0.0145,0.7986,0.9368,626.848,124.1585,66.024,19.2373
clique,2.0,gcn,grad,1,k20,0.1312,0.0742,0.1039,0.0145,1.285,0.7454,626.848,124.1585,66.024,19.2373
clique,2.0,gcn,grad,1,k3,0.008,0.0512,0.1039,0.0145,0.076,0.4882,626.848,124.1585,66.024,19.2373
clique,2.0,gcn,grad,1,k5,0.024,0.0653,0.1039,0.0145,0.2357,0.6461,626.848,124.1585,66.024,19.2373
clique,2.0,gcn,grad,1,oracle,0.0961,0.0287,0.1039,0.0145,0.9557,0.3711,626.848,124.1585,66.024,19.2373
clique,2.0,gcn,ig,0,k1,0.2,0.414,0.1045,0.0161,1.7568,3.6552,623.4667,103.3309,66.1333,18.3881
clique,2.0,gcn,ig,0,k10,0.34,0.1121,0.1045,0.0161,3.2651,0.9149,623.4667,103.3309,66.1333,18.3881
clique,2.0,gcn,ig,0,k20,0.2633,0.0516,0.1045,0.0161,2.5944,0.757,623.4667,103.3309,66.1333,18.3881
clique,2.0,gcn,ig,0,k3,0.2222,0.2057,0.1045,0.0161,2.1844,2.083,623.4667,103.3309,66.1333,18.3881
clique,2.0,gcn,ig,0,k5,0.3067,0.2251,0.1045,0.0161,2.8897,2.0525,623.4667,103.3309,66.1333,18.3881
clique,2.0,gcn,ig,0,oracle,0.1305,0.0411,0.1045,0.0161,1.3217,0.5978,623.4667,103.3309,66.1333,18.3881
clique,2.0,gcn,ig,1,k1,0.064,0.2457,0.1039,0.0145,0.5758,2.2201,626.848,124.1585,66.024,19.2373
clique,2.0,gcn,ig,1,k10,0.2928,0.1386,0.1039,0.0145,2.8707,1.4292,626.848,124.1585,66.024,19.2373
clique,2.0,gcn,ig,1,k20,0.2536,0.0651,0.1039,0.0145,2.4878,0.7192,626.848,124.1585,66.024,19.2373
clique,2.0,gcn,ig,1,k3,0.1893,0.2213,0.1039,0.0145,1.8523,2.1927,626.848,124.1585,66.024,19.2373
clique,2.0,gcn,ig,1,k5,0.2528,0.197,0.1039,0.0145,2.466,1.9339,626.848,124.1585,66.024,19.2373
clique,2.0,gcn,ig,1,oracle,0.1224,0.0327,0.1039,0.0145,1.2212,0.4418,626.848,124.1585,66.024,19.2373
clique,2.0,gcn,random,0,k1,0.0667,0.2582,0.1045,0.0161,0.5351,2.0723,623.4667,103.3309,66.1333,18.3881
clique,2.0,gcn,random,0,k10,0.1067,0.0884,0.1045,0.0161,1.0517,0.8672,623.4667,103.3309,66.1333,18.3881
clique,2.0,gcn,random,0,k20,0.1167,0.0588,0.1045,0.0161,1.1223,0.5635,623.4667,103.3309,66.1333,18.3881
clique,2.0,gcn,random,0,k3,0.0889,0.1526,0.1045,0.0161,0.798,1.3762,623.4667,103.3309,66.1333,18.3881
clique,2.0,gcn,random,0,k5,0.0933,0.128,0.1045,0.0161,0.9483,1.3073,623.4667,103.3309,66.1333,18.3881
clique,2.0,gcn,random,0,oracle,0.0943,0.0334,0.1045,0.0161,0.9181,0.3529,623.4667,103.3309,66.1333,18.3881
clique,2.0,gcn,random,1,k1,0.088,0.2844,0.1039,0.0145,0.8401,2.7315,626.848,124.1585,66.024,19.2373
clique,2.0,gcn,random,1,k10,0.1112,0.1002,0.1039,0.0145,1.0968,0.9877,626.848,124.1585,66.024,19.2373
clique,2.0,gcn,random,1,k20,0.1056,0.0705,0.1039,0.0145,1.032,0.6927,626.848,124.1585,66.024,19.2373
clique,2.0,gcn,random,1,k3,0.088,0.1753,0.1039,0.0145,0.8419,1.6437,626.848,124.1585,66.024,19.2373
clique,2.0,gcn,random,1,k5,0.0896,0.1306,0.1039,0.0145,0.8762,1.2665,626.848,124.1585,66.024,19.2373
clique,2.0,gcn,random,1,oracle,0.1045,0.0373,0.1039,0.0145,1.0119,0.3613,626.848,124.1585,66.024,19.2373
clique,2.0,sage,gnnexplainer,0,k1,0.1538,0.3631,0.1027,0.0158,1.5755,3.7892,624.6923,122.238,65.3462,21.028
clique,2.0,sage,gnnexplainer,0,k10,0.2205,0.1826,0.1027,0.0158,2.2684,1.9459,624.6923,122.238,65.3462,21.028
clique,2.0,sage,gnnexplainer,0,k20,0.2051,0.1443,0.1027,0.0158,2.109,1.5757,624.6923,122.238,65.3462,21.028
clique,2.0,sage,gnnexplainer,0,k3,0.2137,0.2401,0.1027,0.0158,2.1845,2.4857,624.6923,122.238,65.3462,21.028
clique,2.0,sage,gnnexplainer,0,k5,0.2026,0.2101,0.1027,0.0158,2.0993,2.2442,624.6923,122.238,65.3462,21.028
clique,2.0,sage,gnnexplainer,0,oracle,0.1321,0.0624,0.1027,0.0158,1.3556,0.7929,624.6923,122.238,65.3462,21.028
clique,2.0,sage,gnnexplainer,1,k1,0.2114,0.41,0.1036,0.0134,2.0019,3.9195,623.4797,117.8789,65.4878,18.4854
clique,2.0,sage,gnnexplainer,1,k10,0.2772,0.1877,0.1036,0.0134,2.7164,1.9118,623.4797,117.8789,65.4878,18.4854
clique,2.0,sage,gnnexplainer,1,k20,0.213,0.1145,0.1036,0.0134,2.104,1.1915,623.4797,117.8789,65.4878,18.4854
clique,2.0,sage,gnnexplainer,1,k3,0.3089,0.29,0.1036,0.0134,2.9873,2.7946,623.4797,117.8789,65.4878,18.4854
clique,2.0,sage,gnnexplainer,1,k5,0.3057,0.2407,0.1036,0.0134,2.976,2.3645,623.4797,117.8789,65.4878,18.4854
clique,2.0,sage,gnnexplainer,1,oracle,0.1292,0.0475,0.1036,0.0134,1.2865,0.5789,623.4797,117.8789,65.4878,18.4854
clique,2.0,sage,grad,0,k1,0.2051,0.4064,0.1027,0.0158,2.025,4.0651,624.6923,122.238,65.3462,21.028
clique,2.0,sage,grad,0,k10,0.2846,0.1033,0.1027,0.0158,2.8598,1.189,624.6923,122.238,65.3462,21.028
clique,2.0,sage,grad,0,k20,0.2718,0.0501,0.1027,0.0158,2.715,0.687,624.6923,122.238,65.3462,21.028
clique,2.0,sage,grad,0,k3,0.2607,0.2441,0.1027,0.0158,2.6589,2.6476,624.6923,122.238,65.3462,21.028
clique,2.0,sage,grad,0,k5,0.2795,0.1775,0.1027,0.0158,2.8563,1.9609,624.6923,122.238,65.3462,21.028
clique,2.0,sage,grad,0,oracle,0.1659,0.0381,0.1027,0.0158,1.6683,0.5192,624.6923,122.238,65.3462,21.028
clique,2.0,sage,grad,1,k1,0.252,0.436,0.1036,0.0134,2.4993,4.3636,623.4797,117.8789,65.4878,18.4854
clique,2.0,sage,grad,1,k10,0.2992,0.1177,0.1036,0.0134,2.9143,1.1956,623.4797,117.8789,65.4878,18.4854
clique,2.0,sage,grad,1,k20,0.2797,0.0503,0.1036,0.0134,2.7342,0.5811,623.4797,117.8789,65.4878,18.4854
clique,2.0,sage,grad,1,k3,0.3062,0.2474,0.1036,0.0134,2.9896,2.4388,623.4797,117.8789,65.4878,18.4854
clique,2.0,sage,grad,1,k5,0.3154,0.1847,0.1036,0.0134,3.0912,1.8758,623.4797,117.8789,65.4878,18.4854
clique,2.0,sage,grad,1,oracle,0.1638,0.0339,0.1036,0.0134,1.6224,0.4542,623.4797,117.8789,65.4878,18.4854
clique,2.0,sage,ig,0,k1,0.2051,0.4064,0.1027,0.0158,2.025,4.0651,624.6923,122.238,65.3462,21.028
clique,2.0,sage,ig,0,k10,0.2846,0.1033,0.1027,0.0158,2.8598,1.189,624.6923,122.238,65.3462,21.028
clique,2.0,sage,ig,0,k20,0.2718,0.0501,0.1027,0.0158,2.715,0.687,624.6923,122.238,65.3462,21.028
clique,2.0,sage,ig,0,k3,0.2607,0.2441,0.1027,0.0158,2.6589,2.6476,624.6923,122.238,65.3462,21.028
clique,2.0,sage,ig,0,k5,0.2795,0.1775,0.1027,0.0158,2.8563,1.9609,624.6923,122.238,65.3462,21.028
clique,2.0,sage,ig,0,oracle,0.1659,0.0381,0.1027,0.0158,1.6683,0.5192,624.6923,122.238,65.3462,21.028
clique,2.0,sage,ig,1,k1,0.252,0.436,0.1036,0.0134,2.4993,4.3636,623.4797,117.8789,65.4878,18.4854
clique,2.0,sage,ig,1,k10,0.2992,0.1177,0.1036,0.0134,2.9143,1.1956,623.4797,117.8789,65.4878,18.4854
clique,2.0,sage,ig,1,k20,0.2797,0.0503,0.1036,0.0134,2.7342,0.5811,623.4797,117.8789,65.4878,18.4854
clique,2.0,sage,ig,1,k3,0.3062,0.2474,0.1036,0.0134,2.9896,2.4388,623.4797,117.8789,65.4878,18.4854
clique,2.0,sage,ig,1,k5,0.3154,0.1847,0.1036,0.0134,3.0912,1.8758,623.4797,117.8789,65.4878,18.4854
clique,2.0,sage,ig,1,oracle,0.1638,0.0339,0.1036,0.0134,1.6224,0.4542,623.4797,117.8789,65.4878,18.4854
clique,2.0,sage,random,0,k1,0.0641,0.2465,0.1027,0.0158,0.5979,2.305,624.6923,122.238,65.3462,21.028
clique,2.0,sage,random,0,k10,0.1064,0.1049,0.1027,0.0158,1.0429,1.0105,624.6923,122.238,65.3462,21.028
clique,2.0,sage,random,0,k20,0.1032,0.0641,0.1027,0.0158,1.0109,0.6088,624.6923,122.238,65.3462,21.028
clique,2.0,sage,random,0,k3,0.0769,0.1776,0.1027,0.0158,0.7289,1.6615,624.6923,122.238,65.3462,21.028
clique,2.0,sage,random,0,k5,0.0872,0.139,0.1027,0.0158,0.8578,1.3248,624.6923,122.238,65.3462,21.028
clique,2.0,sage,random,0,oracle,0.101,0.0372,0.1027,0.0158,0.9826,0.3416,624.6923,122.238,65.3462,21.028
clique,2.0,sage,random,1,k1,0.0976,0.2979,0.1036,0.0134,0.9154,2.8245,623.4797,117.8789,65.4878,18.4854
clique,2.0,sage,random,1,k10,0.1106,0.0838,0.1036,0.0134,1.0925,0.8328,623.4797,117.8789,65.4878,18.4854
clique,2.0,sage,random,1,k20,0.1053,0.0683,0.1036,0.0134,1.0284,0.6679,623.4797,117.8789,65.4878,18.4854
clique,2.0,sage,random,1,k3,0.1057,0.167,0.1036,0.0134,1.0184,1.609,623.4797,117.8789,65.4878,18.4854
clique,2.0,sage,random,1,k5,0.1041,0.1289,0.1036,0.0134,1.0237,1.2812,623.4797,117.8789,65.4878,18.4854
clique,2.0,sage,random,1,oracle,0.1057,0.0354,0.1036,0.0134,1.0316,0.3614,623.4797,117.8789,65.4878,18.4854
cycle,0.0,gcn,gnnexplainer,0,k1,0.3333,0.488,0.3893,0.0632,0.8167,1.2081,10.6,2.1974,4.0,0.0
cycle,0.0,gcn,gnnexplainer,0,k10,0.3978,0.0546,0.3893,0.0632,1.0333,0.1281,10.6,2.1974,4.0,0.0
cycle,0.0,gcn,gnnexplainer,0,k20,0.3893,0.0632,0.3893,0.0632,1.0,0.0,10.6,2.1974,4.0,0.0
cycle,0.0,gcn,gnnexplainer,0,k3,0.4667,0.276,0.3893,0.0632,1.1389,0.6145,10.6,2.1974,4.0,0.0
cycle,0.0,gcn,gnnexplainer,0,k5,0.4933,0.1981,0.3893,0.0632,1.24,0.3888,10.6,2.1974,4.0,0.0
cycle,0.0,gcn,gnnexplainer,0,oracle,0.45,0.2353,0.3893,0.0632,1.1083,0.5353,10.6,2.1974,4.0,0.0
cycle,0.0,gcn,gnnexplainer,1,k1,0.264,0.4426,0.2872,0.1307,1.422,3.6312,21.264,19.4033,4.008,0.0894
cycle,0.0,gcn,gnnexplainer,1,k10,0.3227,0.1236,0.2872,0.1307,1.4367,1.4299,21.264,19.4033,4.008,0.0894
cycle,0.0,gcn,gnnexplainer,1,k20,0.3002,0.1146,0.2872,0.1307,1.1869,0.6289,21.264,19.4033,4.008,0.0894
cycle,0.0,gcn,gnnexplainer,1,k3,0.3413,0.2791,0.2872,0.1307,1.7045,2.9192,21.264,19.4033,4.008,0.0894
cycle,0.0,gcn,gnnexplainer,1,k5,0.3552,0.1998,0.2872,0.1307,1.7083,2.2748,21.264,19.4033,4.008,0.0894
cycle,0.0,gcn,gnnexplainer,1,oracle,0.3572,0.2316,0.2872,0.1307,1.8058,2.7519,21.264,19.4033,4.008,0.0894
cycle,0.0,gcn,grad,0,k1,0.4667,0.5164,0.3893,0.0632,1.25,1.4669,10.6,2.1974,4.0,0.0
cycle,0.0,gcn,grad,0,k10,0.4044,0.0475,0.3893,0.0632,1.0517,0.1151,10.6,2.1974,4.0,0.0
cycle,0.0,gcn,grad,0,k20,0.3893,0.0632,0.3893,0.0632,1.0,0.0,10.6,2.1974,4.0,0.0
cycle,0.0,gcn,grad,0,k3,0.5111,0.2133,0.3893,0.0632,1.3556,0.6366,10.6,2.1974,4.0,0.0
cycle,0.0,gcn,grad,0,k5,0.4933,0.1486,0.3893,0.0632,1.2967,0.4478,10.6,2.1974,4.0,0.0
cycle,0.0,gcn,grad,0,oracle,0.4833,0.1759,0.3893,0.0632,1.3,0.6462,10.6,2.1974,4.0,0.0
cycle,0.0,gcn,grad,1,k1,0.488,0.5019,0.2872,0.1307,2.1828,3.5779,21.264,19.4033,4.008,0.0894
cycle,0.0,gcn,grad,1,k10,0.3747,0.0576,0.2872,0.1307,1.9069,1.7279,21.264,19.4033,4.008,0.0894
cycle,0.0,gcn,grad,1,k20,0.3098,0.099,0.2872,0.1307,1.3195,0.7693,21.264,19.4033,4.008,0.0894
cycle,0.0,gcn,grad,1,k3,0.5093,0.2099,0.2872,0.1307,2.6785,2.7628,21.264,19.4033,4.008,0.0894
cycle,0.0,gcn,grad,1,k5,0.4592,0.1392,0.2872,0.1307,2.4935,2.5962,21.264,19.4033,4.008,0.0894
cycle,0.0,gcn,grad,1,oracle,0.4772,0.1769,0.2872,0.1307,2.5243,2.5233,21.264,19.4033,4.008,0.0894
cycle,0.0,gcn,ig,0,k1,0.5333,0.5164,0.3893,0.0632,1.4333,1.4683,10.6,2.1974,4.0,0.0
cycle,0.0,gcn,ig,0,k10,0.3978,0.0546,0.3893,0.0632,1.0317,0.1136,10.6,2.1974,4.0,0.0
cycle,0.0,gcn,ig,0,k20,0.3893,0.0632,0.3893,0.0632,1.0,0.0,10.6,2.1974,4.0,0.0
cycle,0.0,gcn,ig,0,k3,0.6,0.138,0.3893,0.0632,1.6,0.5347,10.6,2.1974,4.0,0.0
cycle,0.0,gcn,ig,0,k5,0.52,0.1474,0.3893,0.0632,1.3733,0.4648,10.6,2.1974,4.0,0.0
cycle,0.0,gcn,ig,0,oracle,0.55,0.1402,0.3893,0.0632,1.475,0.5952,10.6,2.1974,4.0,0.0
cycle,0.0,gcn,ig,1,k1,0.584,0.4949,0.2872,0.1307,3.1888,4.6779,21.264,19.4033,4.008,0.0894
cycle,0.0,gcn,ig,1,k10,0.3771,0.0579,0.2872,0.1307,1.9279,1.7255,21.264,19.4033,4.008,0.0894
cycle,0.0,gcn,ig,1,k20,0.3086,0.1007,0.2872,0.1307,1.309,0.7673,21.264,19.4033,4.008,0.0894
cycle,0.0,gcn,ig,1,k3,0.56,0.1874,0.2872,0.1307,3.1412,3.256,21.264,19.4033,4.008,0.0894
cycle,0.0,gcn,ig,1,k5,0.496,0.1428,0.2872,0.1307,2.7923,2.9747,21.264,19.4033,4.008,0.0894
cycle,0.0,gcn,ig,1,oracle,0.5152,0.1645,0.2872,0.1307,2.9613,3.2693,21.264,19.4033,4.008,0.0894
cycle,0.0,gcn,random,0,k1,0.3333,0.488,0.3893,0.0632,0.9,1.3356,10.6,2.1974,4.0,0.0
cycle,0.0,gcn,random,0,k10,0.3911,0.071,0.3893,0.0632,1.005,0.1173,10.6,2.1974,4.0,0.0
cycle,0.0,gcn,random,0,k20,0.3893,0.0632,0.3893,0.0632,1.0,0.0,10.6,2.1974,4.0,0.0
cycle,0.0,gcn,random,0,k3,0.3778,0.2133,0.3893,0.0632,1.0222,0.6287,10.6,2.1974,4.0,0.0
cycle,0.0,gcn,random,0,k5,0.3333,0.2093,0.3893,0.0632,0.87,0.5014,10.6,2.1974,4.0,0.0
cycle,0.0,gcn,random,0,oracle,0.3333,0.2041,0.3893,0.0632,0.8833,0.5297,10.6,2.1974,4.0,0.0
cycle,0.0,gcn,random,1,k1,0.304,0.4618,0.2872,0.1307,0.9408,2.034,21.264,19.4033,4.008,0.0894
cycle,0.0,gcn,random,1,k10,0.2811,0.1528,0.2872,0.1307,0.9395,0.4522,21.264,19.4033,4.008,0.0894
cycle,0.0,gcn,random,1,k20,0.2862,0.1336,0.2872,0.1307,0.9875,0.2341,21.264,19.4033,4.008,0.0894
cycle,0.0,gcn,random,1,k3,0.288,0.2587,0.2872,0.1307,0.9859,1.1091,21.264,19.4033,4.008,0.0894
cycle,0.0,gcn,random,1,k5,0.2816,0.2186,0.2872,0.1307,0.9369,0.7549,21.264,19.4033,4.008,0.0894
cycle,0.0,gcn,random,1,oracle,0.2948,0.2343,0.2872,0.1307,1.005,0.9143,21.264,19.4033,4.008,0.0894
cycle,0.0,sage,gnnexplainer,0,k1,0.1731,0.382,0.3124,0.1193,0.4712,1.149,17.2115,13.919,4.0,0.0
cycle,0.0,sage,gnnexplainer,0,k10,0.3335,0.1172,0.3124,0.1193,1.0788,0.4157,17.2115,13.919,4.0,0.0
cycle,0.0,sage,gnnexplainer,0,k20,0.3179,0.1134,0.3124,0.1193,1.0433,0.3231,17.2115,13.919,4.0,0.0
cycle,0.0,sage,gnnexplainer,0,k3,0.2564,0.2524,0.3124,0.1193,0.7131,0.7271,17.2115,13.919,4.0,0.0
cycle,0.0,sage,gnnexplainer,0,k5,0.3038,0.2258,0.3124,0.1193,0.8538,0.5994,17.2115,13.919,4.0,0.0
cycle,0.0,sage,gnnexplainer,0,oracle,0.2837,0.2376,0.3124,0.1193,0.8053,0.6715,17.2115,13.919,4.0,0.0
cycle,0.0,sage,gnnexplainer,1,k1,0.232,0.4238,0.2999,0.1188,1.272,3.6612,19.144,17.8965,4.016,0.126
cycle,0.0,sage,gnnexplainer,1,k10,0.3664,0.083,0.2999,0.1188,1.6024,1.5579,19.144,17.8965,4.016,0.126
cycle,0.0,sage,gnnexplainer,1,k20,0.3155,0.094,0.2999,0.1188,1.2331,0.7253,19.144,17.8965,4.016,0.126
cycle,0.0,sage,gnnexplainer,1,k3,0.304,0.2777,0.2999,0.1188,1.2921,2.7396,19.144,17.8965,4.016,0.126
cycle,0.0,sage,gnnexplainer,1,k5,0.3712,0.2105,0.2999,0.1188,1.5284,1.8162,19.144,17.8965,4.016,0.126
cycle,0.0,sage,gnnexplainer,1,oracle,0.344,0.2351,0.2999,0.1188,1.4788,2.167,19.144,17.8965,4.016,0.126
cycle,0.0,sage,grad,0,k1,0.6346,0.4862,0.3124,0.1193,2.5481,3.0065,17.2115,13.919,4.0,0.0
cycle,0.0,sage,grad,0,k10,0.3835,0.0587,0.3124,0.1193,1.613,1.3048,17.2115,13.919,4.0,0.0
cycle,0.0,sage,grad,0,k20,0.3275,0.0943,0.3124,0.1193,1.1885,0.5559,17.2115,13.919,4.0,0.0
cycle,0.0,sage,grad,0,k3,0.6154,0.1668,0.3124,0.1193,2.6314,2.3551,17.2115,13.919,4.0,0.0
cycle,0.0,sage,grad,0,k5,0.5115,0.1338,0.3124,0.1193,2.2952,2.2088,17.2115,13.919,4.0,0.0
cycle,0.0,sage,grad,0,oracle,0.5385,0.1595,0.3124,0.1193,2.2668,1.8394,17.2115,13.919,4.0,0.0
cycle,0.0,sage,grad,1,k1,0.592,0.4934,0.2999,0.1188,2.946,4.5778,19.144,17.8965,4.016,0.126
cycle,0.0,sage,grad,1,k10,0.3816,0.0556,0.2999,0.1188,1.7814,1.6799,19.144,17.8965,4.016,0.126
cycle,0.0,sage,grad,1,k20,0.3171,0.0907,0.2999,0.1188,1.2542,0.7343,19.144,17.8965,4.016,0.126
cycle,0.0,sage,grad,1,k3,0.624,0.1583,0.2999,0.1188,3.0421,3.2548,19.144,17.8965,4.016,0.126
cycle,0.0,sage,grad,1,k5,0.5312,0.1347,0.2999,0.1188,2.6524,2.9674,19.144,17.8965,4.016,0.126
cycle,0.0,sage,grad,1,oracle,0.566,0.1465,0.2999,0.1188,2.7238,2.7316,19.144,17.8965,4.016,0.126
cycle,0.0,sage,ig,0,k1,0.6346,0.4862,0.3124,0.1193,2.5481,3.0065,17.2115,13.919,4.0,0.0
cycle,0.0,sage,ig,0,k10,0.3835,0.0587,0.3124,0.1193,1.613,1.3048,17.2115,13.919,4.0,0.0
cycle,0.0,sage,ig,0,k20,0.3275,0.0943,0.3124,0.1193,1.1885,0.5559,17.2115,13.919,4.0,0.0
cycle,0.0,sage,ig,0,k3,0.6154,0.1668,0.3124,0.1193,2.6314,2.3551,17.2115,13.919,4.0,0.0
cycle,0.0,sage,ig,0,k5,0.5115,0.1338,0.3124,0.1193,2.2952,2.2088,17.2115,13.919,4.0,0.0
cycle,0.0,sage,ig,0,oracle,0.5385,0.1595,0.3124,0.1193,2.2668,1.8394,17.2115,13.919,4.0,0.0
cycle,0.0,sage,ig,1,k1,0.592,0.4934,0.2999,0.1188,2.946,4.5778,19.144,17.8965,4.016,0.126
cycle,0.0,sage,ig,1,k10,0.3816,0.0556,0.2999,0.1188,1.7814,1.6799,19.144,17.8965,4.016,0.126
cycle,0.0,sage,ig,1,k20,0.3171,0.0907,0.2999,0.1188,1.2542,0.7343,19.144,17.8965,4.016,0.126
cycle,0.0,sage,ig,1,k3,0.624,0.1583,0.2999,0.1188,3.0421,3.2548,19.144,17.8965,4.016,0.126
cycle,0.0,sage,ig,1,k5,0.5312,0.1347,0.2999,0.1188,2.6524,2.9674,19.144,17.8965,4.016,0.126
cycle,0.0,sage,ig,1,oracle,0.566,0.1465,0.2999,0.1188,2.7238,2.7316,19.144,17.8965,4.016,0.126
cycle,0.0,sage,random,0,k1,0.3077,0.466,0.3124,0.1193,0.8077,1.2403,17.2115,13.919,4.0,0.0
cycle,0.0,sage,random,0,k10,0.3085,0.1458,0.3124,0.1193,0.9154,0.3919,17.2115,13.919,4.0,0.0
cycle,0.0,sage,random,0,k20,0.3082,0.1286,0.3124,0.1193,0.9457,0.2318,17.2115,13.919,4.0,0.0
cycle,0.0,sage,random,0,k3,0.3269,0.2424,0.3124,0.1193,0.9792,0.7236,17.2115,13.919,4.0,0.0
cycle,0.0,sage,random,0,k5,0.2962,0.196,0.3124,0.1193,0.8933,0.5732,17.2115,13.919,4.0,0.0
cycle,0.0,sage,random,0,oracle,0.2933,0.2142,0.3124,0.1193,0.9062,0.6897,17.2115,13.919,4.0,0.0
cycle,0.0,sage,random,1,k1,0.296,0.4583,0.2999,0.1188,0.8268,1.3202,19.144,17.8965,4.016,0.126
cycle,0.0,sage,random,1,k10,0.2952,0.1395,0.2999,0.1188,0.9468,0.3954,19.144,17.8965,4.016,0.126
cycle,0.0,sage,random,1,k20,0.3003,0.1193,0.2999,0.1188,1.0006,0.1988,19.144,17.8965,4.016,0.126
cycle,0.0,sage,random,1,k3,0.3093,0.2581,0.2999,0.1188,1.0061,0.943,19.144,17.8965,4.016,0.126
cycle,0.0,sage,random,1,k5,0.2992,0.2119,0.2999,0.1188,0.957,0.7369,19.144,17.8965,4.016,0.126
cycle,0.0,sage,random,1,oracle,0.3204,0.2334,0.2999,0.1188,1.0496,0.8893,19.144,17.8965,4.016,0.126
cycle,0.5,gcn,gnnexplainer,0,k1,0.1333,0.3457,0.1758,0.0784,0.5,1.3015,30.8333,20.996,4.0,0.0
cycle,0.5,gcn,gnnexplainer,0,k10,0.1767,0.1431,0.1758,0.0784,0.8142,0.6124,30.8333,20.996,4.0,0.0
cycle,0.5,gcn,gnnexplainer,0,k20,0.1863,0.0845,0.1758,0.0784,1.0608,0.5641,30.8333,20.996,4.0,0.0
cycle,0.5,gcn,gnnexplainer,0,k3,0.1111,0.1822,0.1758,0.0784,0.45,0.7306,30.8333,20.996,4.0,0.0
cycle,0.5,gcn,gnnexplainer,0,k5,0.14,0.1831,0.1758,0.0784,0.6067,0.7589,30.8333,20.996,4.0,0.0
cycle,0.5,gcn,gnnexplainer,0,oracle,0.1083,0.182,0.1758,0.0784,0.4396,0.7367,30.8333,20.996,4.0,0.0
cycle,0.5,gcn,gnnexplainer,1,k1,0.16,0.3681,0.1483,0.0672,1.3688,3.9235,37.376,26.8228,4.024,0.1537
cycle,0.5,gcn,gnnexplainer,1,k10,0.2176,0.1258,0.1483,0.0672,1.7105,1.7034,37.376,26.8228,4.024,0.1537
cycle,0.5,gcn,gnnexplainer,1,k20,0.1834,0.0538,0.1483,0.0672,1.5136,1.0109,37.376,26.8228,4.024,0.1537
cycle,0.5,gcn,gnnexplainer,1,k3,0.1653,0.2184,0.1483,0.0672,1.2923,2.2328,37.376,26.8228,4.024,0.1537
cycle,0.5,gcn,gnnexplainer,1,k5,0.2064,0.1999,0.1483,0.0672,1.6811,2.5366,37.376,26.8228,4.024,0.1537
cycle,0.5,gcn,gnnexplainer,1,oracle,0.186,0.2035,0.1483,0.0672,1.4852,2.2931,37.376,26.8228,4.024,0.1537
cycle,0.5,gcn,grad,0,k1,0.4,0.4983,0.1758,0.0784,3.3,5.2487,30.8333,20.996,4.0,0.0
cycle,0.5,gcn,grad,0,k10,0.3067,0.0785,0.1758,0.0784,2.4425,1.8732,30.8333,20.996,4.0,0.0
cycle,0.5,gcn,grad,0,k20,0.2129,0.0425,0.1758,0.0784,1.5204,0.9079,30.8333,20.996,4.0,0.0
cycle,0.5,gcn,grad,0,k3,0.4889,0.2434,0.1758,0.0784,4.3167,4.2221,30.8333,20.996,4.0,0.0
cycle,0.5,gcn,grad,0,k5,0.4,0.1742,0.1758,0.0784,3.3733,3.2253,30.8333,20.996,4.0,0.0
cycle,0.5,gcn,grad,0,oracle,0.4333,0.2069,0.1758,0.0784,3.8292,4.0243,30.8333,20.996,4.0,0.0
cycle,0.5,gcn,grad,1,k1,0.592,0.4934,0.1483,0.0672,5.9936,7.5934,37.376,26.8228,4.024,0.1537
cycle,0.5,gcn,grad,1,k10,0.2688,0.0837,0.1483,0.0672,2.6318,2.453,37.376,26.8228,4.024,0.1537
cycle,0.5,gcn,grad,1,k20,0.193,0.0372,0.1483,0.0672,1.7129,1.1999,37.376,26.8228,4.024,0.1537
cycle,0.5,gcn,grad,1,k3,0.432,0.216,0.1483,0.0672,4.2657,4.2894,37.376,26.8228,4.024,0.1537
cycle,0.5,gcn,grad,1,k5,0.3616,0.16,0.1483,0.0672,3.5988,3.6673,37.376,26.8228,4.024,0.1537
cycle,0.5,gcn,grad,1,oracle,0.386,0.1779,0.1483,0.0672,3.8433,3.767,37.376,26.8228,4.024,0.1537
cycle,0.5,gcn,ig,0,k1,0.7,0.4661,0.1758,0.0784,5.4917,6.0238,30.8333,20.996,4.0,0.0
cycle,0.5,gcn,ig,0,k10,0.2933,0.0583,0.1758,0.0784,2.39,1.8918,30.8333,20.996,4.0,0.0
cycle,0.5,gcn,ig,0,k20,0.2179,0.0349,0.1758,0.0784,1.5775,0.9336,30.8333,20.996,4.0,0.0
cycle,0.5,gcn,ig,0,k3,0.5556,0.2022,0.1758,0.0784,4.5583,3.7683,30.8333,20.996,4.0,0.0
cycle,0.5,gcn,ig,0,k5,0.44,0.1102,0.1758,0.0784,3.62,3.0861,30.8333,20.996,4.0,0.0
cycle,0.5,gcn,ig,0,oracle,0.5083,0.1537,0.1758,0.0784,4.2188,3.6825,30.8333,20.996,4.0,0.0
cycle,0.5,gcn,ig,1,k1,0.544,0.5001,0.1483,0.0672,5.368,7.3876,37.376,26.8228,4.024,0.1537
cycle,0.5,gcn,ig,1,k10,0.3056,0.0744,0.1483,0.0672,2.9516,2.5175,37.376,26.8228,4.024,0.1537
cycle,0.5,gcn,ig,1,k20,0.1962,0.0355,0.1483,0.0672,1.7458,1.2205,37.376,26.8228,4.024,0.1537
cycle,0.5,gcn,ig,1,k3,0.4827,0.2006,0.1483,0.0672,4.5932,4.5281,37.376,26.8228,4.024,0.1537
cycle,0.5,gcn,ig,1,k5,0.4176,0.1296,0.1483,0.0672,4.2338,4.2749,37.376,26.8228,4.024,0.1537
cycle,0.5,gcn,ig,1,oracle,0.4544,0.147,0.1483,0.0672,4.4741,4.4637,37.376,26.8228,4.024,0.1537
cycle,0.5,gcn,random,0,k1,0.0333,0.1826,0.1758,0.0784,0.1167,0.639,30.8333,20.996,4.0,0.0
cycle,0.5,gcn,random,0,k10,0.1633,0.1326,0.1758,0.0784,0.9108,0.7081,30.8333,20.996,4.0,0.0
cycle,0.5,gcn,random,0,k20,0.1813,0.0776,0.1758,0.0784,1.0712,0.3504,30.8333,20.996,4.0,0.0
cycle,0.5,gcn,random,0,k3,0.1333,0.2249,0.1758,0.0784,0.6028,1.0324,30.8333,20.996,4.0,0.0
cycle,0.5,gcn,random,0,k5,0.12,0.154,0.1758,0.0784,0.6317,0.9228,30.8333,20.996,4.0,0.0
cycle,0.5,gcn,random,0,oracle,0.1333,0.194,0.1758,0.0784,0.6125,0.9392,30.8333,20.996,4.0,0.0
cycle,0.5,gcn,random,1,k1,0.128,0.3354,0.1483,0.0672,0.754,2.107,37.376,26.8228,4.024,0.1537
cycle,0.5,gcn,random,1,k10,0.1568,0.0945,0.1483,0.0672,1.1501,0.7866,37.376,26.8228,4.024,0.1537
cycle,0.5,gcn,random,1,k20,0.1498,0.0742,0.1483,0.0672,1.0172,0.4101,37.376,26.8228,4.024,0.1537
cycle,0.5,gcn,random,1,k3,0.1493,0.2006,0.1483,0.0672,1.0889,1.8502,37.376,26.8228,4.024,0.1537
cycle,0.5,gcn,random,1,k5,0.1408,0.1525,0.1483,0.0672,0.9806,1.2014,37.376,26.8228,4.024,0.1537
cycle,0.5,gcn,random,1,oracle,0.1376,0.1692,0.1483,0.0672,0.9674,1.4321,37.376,26.8228,4.024,0.1537
cycle,0.5,sage,gnnexplainer,0,k1,0.1039,0.3071,0.1513,0.0689,0.7519,2.6415,35.8831,23.7481,4.026,0.1601
cycle,0.5,sage,gnnexplainer,0,k10,0.2442,0.1282,0.1513,0.0689,1.9971,1.778,35.8831,23.7481,4.026,0.1601
cycle,0.5,sage,gnnexplainer,0,k20,0.1936,0.0462,0.1513,0.0689,1.5796,0.9353,35.8831,23.7481,4.026,0.1601
cycle,0.5,sage,gnnexplainer,0,k3,0.1429,0.1982,0.1513,0.0689,1.1249,1.9102,35.8831,23.7481,4.026,0.1601
cycle,0.5,sage,gnnexplainer,0,k5,0.1688,0.1749,0.1513,0.0689,1.4236,2.3239,35.8831,23.7481,4.026,0.1601
cycle,0.5,sage,gnnexplainer,0,oracle,0.1448,0.1824,0.1513,0.0689,1.1238,1.9119,35.8831,23.7481,4.026,0.1601
cycle,0.5,sage,gnnexplainer,1,k1,0.2097,0.4087,0.1418,0.0657,1.7468,4.7623,39.5565,28.9884,4.0161,0.1265
cycle,0.5,sage,gnnexplainer,1,k10,0.2669,0.0872,0.1418,0.0657,2.58,2.1457,39.5565,28.9884,4.0161,0.1265
cycle,0.5,sage,gnnexplainer,1,k20,0.1915,0.0354,0.1418,0.0657,1.7968,1.208,39.5565,28.9884,4.0161,0.1265
cycle,0.5,sage,gnnexplainer,1,k3,0.1747,0.2307,0.1418,0.0657,1.8265,3.4668,39.5565,28.9884,4.0161,0.1265
cycle,0.5,sage,gnnexplainer,1,k5,0.2387,0.1851,0.1418,0.0657,2.4814,3.2619,39.5565,28.9884,4.0161,0.1265
cycle,0.5,sage,gnnexplainer,1,oracle,0.2016,0.1987,0.1418,0.0657,2.1701,3.1555,39.5565,28.9884,4.0161,0.1265
cycle,0.5,sage,grad,0,k1,0.5714,0.4981,0.1513,0.0689,4.8649,5.9382,35.8831,23.7481,4.026,0.1601
cycle,0.5,sage,grad,0,k10,0.3065,0.0635,0.1513,0.0689,2.8264,2.1254,35.8831,23.7481,4.026,0.1601
cycle,0.5,sage,grad,0,k20,0.2033,0.0297,0.1513,0.0689,1.7123,0.9853,35.8831,23.7481,4.026,0.1601
cycle,0.5,sage,grad,0,k3,0.4848,0.1756,0.1513,0.0689,4.405,3.6763,35.8831,23.7481,4.026,0.1601
cycle,0.5,sage,grad,0,k5,0.4156,0.1247,0.1513,0.0689,3.8751,3.267,35.8831,23.7481,4.026,0.1601
cycle,0.5,sage,grad,0,oracle,0.461,0.1359,0.1513,0.0689,4.2644,3.4573,35.8831,23.7481,4.026,0.1601
cycle,0.5,sage,grad,1,k1,0.5323,0.501,0.1418,0.0657,5.4867,7.5804,39.5565,28.9884,4.0161,0.1265
cycle,0.5,sage,grad,1,k10,0.2944,0.0725,0.1418,0.0657,2.9638,2.4588,39.5565,28.9884,4.0161,0.1265
cycle,0.5,sage,grad,1,k20,0.1951,0.0309,0.1418,0.0657,1.8619,1.332,39.5565,28.9884,4.0161,0.1265
cycle,0.5,sage,grad,1,k3,0.4839,0.2054,0.1418,0.0657,4.9159,4.5358,39.5565,28.9884,4.0161,0.1265
cycle,0.5,sage,grad,1,k5,0.3903,0.1346,0.1418,0.0657,4.0677,3.6779,39.5565,28.9884,4.0161,0.1265
cycle,0.5,sage,grad,1,oracle,0.4339,0.162,0.1418,0.0657,4.5466,4.2534,39.5565,28.9884,4.0161,0.1265
cycle,0.5,sage,ig,0,k1,0.5714,0.4981,0.1513,0.0689,4.8649,5.9382,35.8831,23.7481,4.026,0.1601
cycle,0.5,sage,ig,0,k10,0.3065,0.0635,0.1513,0.0689,2.8264,2.1254,35.8831,23.7481,4.026,0.1601
cycle,0.5,sage,ig,0,k20,0.2033,0.0297,0.1513,0.0689,1.7123,0.9853,35.8831,23.7481,4.026,0.1601
cycle,0.5,sage,ig,0,k3,0.4848,0.1756,0.1513,0.0689,4.405,3.6763,35.8831,23.7481,4.026,0.1601
cycle,0.5,sage,ig,0,k5,0.4156,0.1247,0.1513,0.0689,3.8751,3.267,35.8831,23.7481,4.026,0.1601
cycle,0.5,sage,ig,0,oracle,0.461,0.1359,0.1513,0.0689,4.2644,3.4573,35.8831,23.7481,4.026,0.1601
cycle,0.5,sage,ig,1,k1,0.5323,0.501,0.1418,0.0657,5.4867,7.5804,39.5565,28.9884,4.0161,0.1265
cycle,0.5,sage,ig,1,k10,0.2944,0.0725,0.1418,0.0657,2.9638,2.4588,39.5565,28.9884,4.0161,0.1265
cycle,0.5,sage,ig,1,k20,0.1951,0.0309,0.1418,0.0657,1.8619,1.332,39.5565,28.9884,4.0161,0.1265
cycle,0.5,sage,ig,1,k3,0.4839,0.2054,0.1418,0.0657,4.9159,4.5358,39.5565,28.9884,4.0161,0.1265
cycle,0.5,sage,ig,1,k5,0.3903,0.1346,0.1418,0.0657,4.0677,3.6779,39.5565,28.9884,4.0161,0.1265
cycle,0.5,sage,ig,1,oracle,0.4339,0.162,0.1418,0.0657,4.5466,4.2534,39.5565,28.9884,4.0161,0.1265
cycle,0.5,sage,random,0,k1,0.0909,0.2894,0.1513,0.0689,0.5584,1.8787,35.8831,23.7481,4.026,0.1601
cycle,0.5,sage,random,0,k10,0.1468,0.1021,0.1513,0.0689,1.0074,0.7899,35.8831,23.7481,4.026,0.1601
cycle,0.5,sage,random,0,k20,0.1514,0.0775,0.1513,0.0689,0.9896,0.4161,35.8831,23.7481,4.026,0.1601
cycle,0.5,sage,random,0,k3,0.1212,0.2017,0.1513,0.0689,0.8474,1.5818,35.8831,23.7481,4.026,0.1601
cycle,0.5,sage,random,0,k5,0.1273,0.1519,0.1513,0.0689,0.8935,1.2002,35.8831,23.7481,4.026,0.1601
cycle,0.5,sage,random,0,oracle,0.1331,0.184,0.1513,0.0689,0.8929,1.3859,35.8831,23.7481,4.026,0.1601
cycle,0.5,sage,random,1,k1,0.1371,0.3453,0.1418,0.0657,0.881,2.347,39.5565,28.9884,4.0161,0.1265
cycle,0.5,sage,random,1,k10,0.1524,0.1,0.1418,0.0657,1.129,0.7829,39.5565,28.9884,4.0161,0.1265
cycle,0.5,sage,random,1,k20,0.1419,0.0725,0.1418,0.0657,1.004,0.4217,39.5565,28.9884,4.0161,0.1265
cycle,0.5,sage,random,1,k3,0.1505,0.1918,0.1418,0.0657,1.1367,1.8783,39.5565,28.9884,4.0161,0.1265
cycle,0.5,sage,random,1,k5,0.1323,0.1485,0.1418,0.0657,0.9683,1.2153,39.5565,28.9884,4.0161,0.1265
cycle,0.5,sage,random,1,oracle,0.1347,0.1636,0.1418,0.0657,0.9983,1.4544,39.5565,28.9884,4.0161,0.1265
cycle,1.0,gcn,gnnexplainer,0,k1,0.1212,0.3289,0.0945,0.0469,0.7348,2.021,58.6061,35.6827,4.0758,0.2666
cycle,1.0,gcn,gnnexplainer,0,k10,0.0879,0.1045,0.0945,0.0469,0.8371,0.9574,58.6061,35.6827,4.0758,0.2666
cycle,1.0,gcn,gnnexplainer,0,k20,0.1259,0.0648,0.0945,0.0469,1.493,1.0521,58.6061,35.6827,4.0758,0.2666
cycle,1.0,gcn,gnnexplainer,0,k3,0.0707,0.1603,0.0945,0.0469,0.5455,1.3424,58.6061,35.6827,4.0758,0.2666
cycle,1.0,gcn,gnnexplainer,0,k5,0.0636,0.1223,0.0945,0.0469,0.4758,0.9436,58.6061,35.6827,4.0758,0.2666
cycle,1.0,gcn,gnnexplainer,0,oracle,0.0644,0.1408,0.0945,0.0469,0.4735,1.0713,58.6061,35.6827,4.0758,0.2666
cycle,1.0,gcn,gnnexplainer,1,k1,0.104,0.3065,0.0991,0.0418,1.076,3.6938,52.72,32.6041,4.072,0.2595
cycle,1.0,gcn,gnnexplainer,1,k10,0.136,0.1066,0.0991,0.0418,1.5272,1.5994,52.72,32.6041,4.072,0.2595
cycle,1.0,gcn,gnnexplainer,1,k20,0.1512,0.0486,0.0991,0.0418,1.7809,1.0251,52.72,32.6041,4.072,0.2595
cycle,1.0,gcn,gnnexplainer,1,k3,0.088,0.1701,0.0991,0.0418,0.814,1.6672,52.72,32.6041,4.072,0.2595
cycle,1.0,gcn,gnnexplainer,1,k5,0.1056,0.1494,0.0991,0.0418,1.0603,1.6863,52.72,32.6041,4.072,0.2595
cycle,1.0,gcn,gnnexplainer,1,oracle,0.0992,0.1581,0.0991,0.0418,0.9848,1.6197,52.72,32.6041,4.072,0.2595
cycle,1.0,gcn,grad,0,k1,0.2727,0.4488,0.0945,0.0469,4.8386,9.1365,58.6061,35.6827,4.0758,0.2666
cycle,1.0,gcn,grad,0,k10,0.2121,0.092,0.0945,0.0469,3.1209,2.4454,58.6061,35.6827,4.0758,0.2666
cycle,1.0,gcn,grad,0,k20,0.1721,0.0307,0.0945,0.0469,2.4099,1.4424,58.6061,35.6827,4.0758,0.2666
cycle,1.0,gcn,grad,0,k3,0.2576,0.2172,0.0945,0.0469,3.9121,4.7371,58.6061,35.6827,4.0758,0.2666
cycle,1.0,gcn,grad,0,k5,0.2818,0.1446,0.0945,0.0469,4.1835,3.5323,58.6061,35.6827,4.0758,0.2666
cycle,1.0,gcn,grad,0,oracle,0.2879,0.1669,0.0945,0.0469,4.4087,4.3351,58.6061,35.6827,4.0758,0.2666
cycle,1.0,gcn,grad,1,k1,0.448,0.4993,0.0991,0.0418,5.53,7.9936,52.72,32.6041,4.072,0.2595
cycle,1.0,gcn,grad,1,k10,0.2232,0.0834,0.0991,0.0418,2.9258,2.2103,52.72,32.6041,4.072,0.2595
cycle,1.0,gcn,grad,1,k20,0.1628,0.0386,0.0991,0.0418,2.0447,1.2669,52.72,32.6041,4.072,0.2595
cycle,1.0,gcn,grad,1,k3,0.336,0.226,0.0991,0.0418,4.4107,4.5495,52.72,32.6041,4.072,0.2595
cycle,1.0,gcn,grad,1,k5,0.2832,0.1528,0.0991,0.0418,3.6843,3.4313,52.72,32.6041,4.072,0.2595
cycle,1.0,gcn,grad,1,oracle,0.3144,0.1809,0.0991,0.0418,4.0983,3.99,52.72,32.6041,4.072,0.2595
cycle,1.0,gcn,ig,0,k1,0.4697,0.5029,0.0945,0.0469,7.7159,10.5364,58.6061,35.6827,4.0758,0.2666
cycle,1.0,gcn,ig,0,k10,0.2455,0.0807,0.0945,0.0469,3.7243,2.9957,58.6061,35.6827,4.0758,0.2666
cycle,1.0,gcn,ig,0,k20,0.1699,0.0328,0.0945,0.0469,2.4288,1.5843,58.6061,35.6827,4.0758,0.2666
cycle,1.0,gcn,ig,0,k3,0.4192,0.2288,0.0945,0.0469,6.3495,5.8283,58.6061,35.6827,4.0758,0.2666
cycle,1.0,gcn,ig,0,k5,0.3485,0.128,0.0945,0.0469,5.0492,3.6417,58.6061,35.6827,4.0758,0.2666
cycle,1.0,gcn,ig,0,oracle,0.3871,0.163,0.0945,0.0469,5.7061,4.4785,58.6061,35.6827,4.0758,0.2666
cycle,1.0,gcn,ig,1,k1,0.352,0.4795,0.0991,0.0418,4.9028,8.014,52.72,32.6041,4.072,0.2595
cycle,1.0,gcn,ig,1,k10,0.248,0.0867,0.0991,0.0418,3.2946,2.4515,52.72,32.6041,4.072,0.2595
cycle,1.0,gcn,ig,1,k20,0.1648,0.0354,0.0991,0.0418,2.1,1.3474,52.72,32.6041,4.072,0.2595
cycle,1.0,gcn,ig,1,k3,0.3867,0.2216,0.0991,0.0418,4.9431,4.1033,52.72,32.6041,4.072,0.2595
cycle,1.0,gcn,ig,1,k5,0.3376,0.1203,0.0991,0.0418,4.3867,3.0848,52.72,32.6041,4.072,0.2595
cycle,1.0,gcn,ig,1,oracle,0.3572,0.1602,0.0991,0.0418,4.535,3.0596,52.72,32.6041,4.072,0.2595
cycle,1.0,gcn,random,0,k1,0.0758,0.2666,0.0945,0.0469,0.6326,2.2918,58.6061,35.6827,4.0758,0.2666
cycle,1.0,gcn,random,0,k10,0.0909,0.0818,0.0945,0.0469,0.8758,0.9063,58.6061,35.6827,4.0758,0.2666
cycle,1.0,gcn,random,0,k20,0.0964,0.0606,0.0945,0.0469,1.0239,0.6199,58.6061,35.6827,4.0758,0.2666
cycle,1.0,gcn,random,0,k3,0.0657,0.1336,0.0945,0.0469,0.5556,1.1627,58.6061,35.6827,4.0758,0.2666
cycle,1.0,gcn,random,0,k5,0.0879,0.1222,0.0945,0.0469,0.8691,1.409,58.6061,35.6827,4.0758,0.2666
cycle,1.0,gcn,random,0,oracle,0.0735,0.1181,0.0945,0.0469,0.7556,1.4176,58.6061,35.6827,4.0758,0.2666
cycle,1.0,gcn,random,1,k1,0.104,0.3065,0.0991,0.0418,1.0824,3.4999,52.72,32.6041,4.072,0.2595
cycle,1.0,gcn,random,1,k10,0.0936,0.0914,0.0991,0.0418,0.9321,0.9785,52.72,32.6041,4.072,0.2595
cycle,1.0,gcn,random,1,k20,0.0976,0.0605,0.0991,0.0418,0.994,0.6027,52.72,32.6041,4.072,0.2595
cycle,1.0,gcn,random,1,k3,0.0827,0.1506,0.0991,0.0418,0.9896,2.0982,52.72,32.6041,4.072,0.2595
cycle,1.0,gcn,random,1,k5,0.0912,0.1205,0.0991,0.0418,0.9682,1.4033,52.72,32.6041,4.072,0.2595
cycle,1.0,gcn,random,1,oracle,0.0868,0.1344,0.0991,0.0418,0.9606,1.6281,52.72,32.6041,4.072,0.2595
cycle,1.0,sage,gnnexplainer,0,k1,0.0957,0.2958,0.094,0.0469,1.3856,5.6332,59.0106,35.8634,4.0957,0.2958
cycle,1.0,sage,gnnexplainer,0,k10,0.1649,0.1013,0.094,0.0469,2.4205,2.3354,59.0106,35.8634,4.0957,0.2958
cycle,1.0,sage,gnnexplainer,0,k20,0.1613,0.0362,0.094,0.0469,2.223,1.313,59.0106,35.8634,4.0957,0.2958
cycle,1.0,sage,gnnexplainer,0,k3,0.0957,0.1666,0.094,0.0469,1.4626,3.5236,59.0106,35.8634,4.0957,0.2958
cycle,1.0,sage,gnnexplainer,0,k5,0.1191,0.1354,0.094,0.0469,1.8381,2.7337,59.0106,35.8634,4.0957,0.2958
cycle,1.0,sage,gnnexplainer,0,oracle,0.1223,0.1527,0.094,0.0469,1.8044,2.8991,59.0106,35.8634,4.0957,0.2958
cycle,1.0,sage,gnnexplainer,1,k1,0.1463,0.3549,0.0972,0.0415,2.1183,6.455,53.2033,31.719,4.0488,0.2163
cycle,1.0,sage,gnnexplainer,1,k10,0.2081,0.1029,0.0972,0.0415,2.6954,2.1877,53.2033,31.719,4.0488,0.2163
cycle,1.0,sage,gnnexplainer,1,k20,0.1638,0.0375,0.0972,0.0415,2.0824,1.156,53.2033,31.719,4.0488,0.2163
cycle,1.0,sage,gnnexplainer,1,k3,0.1491,0.1965,0.0972,0.0415,2.0767,3.3675,53.2033,31.719,4.0488,0.2163
cycle,1.0,sage,gnnexplainer,1,k5,0.1805,0.1889,0.0972,0.0415,2.4907,3.7094,53.2033,31.719,4.0488,0.2163
cycle,1.0,sage,gnnexplainer,1,oracle,0.1667,0.1844,0.0972,0.0415,2.3578,3.5612,53.2033,31.719,4.0488,0.2163
cycle,1.0,sage,grad,0,k1,0.3936,0.4912,0.094,0.0469,6.2537,9.4993,59.0106,35.8634,4.0957,0.2958
cycle,1.0,sage,grad,0,k10,0.2415,0.0782,0.094,0.0469,3.636,2.6756,59.0106,35.8634,4.0957,0.2958
cycle,1.0,sage,grad,0,k20,0.1751,0.0292,0.094,0.0469,2.4439,1.3956,59.0106,35.8634,4.0957,0.2958
cycle,1.0,sage,grad,0,k3,0.3688,0.1859,0.094,0.0469,5.0709,3.7022,59.0106,35.8634,4.0957,0.2958
cycle,1.0,sage,grad,0,k5,0.334,0.1187,0.094,0.0469,4.7838,3.3762,59.0106,35.8634,4.0957,0.2958
cycle,1.0,sage,grad,0,oracle,0.3537,0.1374,0.094,0.0469,4.9191,3.2915,59.0106,35.8634,4.0957,0.2958
cycle,1.0,sage,grad,1,k1,0.4309,0.4972,0.0972,0.0415,5.4707,8.0859,53.2033,31.719,4.0488,0.2163
cycle,1.0,sage,grad,1,k10,0.2439,0.0679,0.0972,0.0415,3.1784,1.9676,53.2033,31.719,4.0488,0.2163
cycle,1.0,sage,grad,1,k20,0.1707,0.0332,0.0972,0.0415,2.2422,1.4372,53.2033,31.719,4.0488,0.2163
cycle,1.0,sage,grad,1,k3,0.4119,0.218,0.0972,0.0415,5.2056,3.6963,53.2033,31.719,4.0488,0.2163
cycle,1.0,sage,grad,1,k5,0.3626,0.1289,0.0972,0.0415,4.7197,3.2865,53.2033,31.719,4.0488,0.2163
cycle,1.0,sage,grad,1,oracle,0.3984,0.1608,0.0972,0.0415,5.108,3.5417,53.2033,31.719,4.0488,0.2163
cycle,1.0,sage,ig,0,k1,0.3936,0.4912,0.094,0.0469,6.2537,9.4993,59.0106,35.8634,4.0957,0.2958
cycle,1.0,sage,ig,0,k10,0.2415,0.0782,0.094,0.0469,3.636,2.6756,59.0106,35.8634,4.0957,0.2958
cycle,1.0,sage,ig,0,k20,0.1751,0.0292,0.094,0.0469,2.4439,1.3956,59.0106,35.8634,4.0957,0.2958
cycle,1.0,sage,ig,0,k3,0.3688,0.1859,0.094,0.0469,5.0709,3.7022,59.0106,35.8634,4.0957,0.2958
cycle,1.0,sage,ig,0,k5,0.334,0.1187,0.094,0.0469,4.7838,3.3762,59.0106,35.8634,4.0957,0.2958
cycle,1.0,sage,ig,0,oracle,0.3537,0.1374,0.094,0.0469,4.9191,3.2915,59.0106,35.8634,4.0957,0.2958
cycle,1.0,sage,ig,1,k1,0.4309,0.4972,0.0972,0.0415,5.4707,8.0859,53.2033,31.719,4.0488,0.2163
cycle,1.0,sage,ig,1,k10,0.2439,0.0679,0.0972,0.0415,3.1784,1.9676,53.2033,31.719,4.0488,0.2163
cycle,1.0,sage,ig,1,k20,0.1707,0.0332,0.0972,0.0415,2.2422,1.4372,53.2033,31.719,4.0488,0.2163
cycle,1.0,sage,ig,1,k3,0.4119,0.218,0.0972,0.0415,5.2056,3.6963,53.2033,31.719,4.0488,0.2163
cycle,1.0,sage,ig,1,k5,0.3626,0.1289,0.0972,0.0415,4.7197,3.2865,53.2033,31.719,4.0488,0.2163
cycle,1.0,sage,ig,1,oracle,0.3984,0.1608,0.0972,0.0415,5.108,3.5417,53.2033,31.719,4.0488,0.2163
cycle,1.0,sage,random,0,k1,0.117,0.3232,0.094,0.0469,1.083,3.1414,59.0106,35.8634,4.0957,0.2958
cycle,1.0,sage,random,0,k10,0.0957,0.0938,0.094,0.0469,0.9889,1.1718,59.0106,35.8634,4.0957,0.2958
cycle,1.0,sage,random,0,k20,0.0969,0.0632,0.094,0.0469,1.0324,0.7148,59.0106,35.8634,4.0957,0.2958
cycle,1.0,sage,random,0,k3,0.0674,0.1432,0.094,0.0469,0.697,1.6716,59.0106,35.8634,4.0957,0.2958
cycle,1.0,sage,random,0,k5,0.0894,0.1159,0.094,0.0469,0.9772,1.4689,59.0106,35.8634,4.0957,0.2958
cycle,1.0,sage,random,0,oracle,0.0718,0.1263,0.094,0.0469,0.8202,1.6072,59.0106,35.8634,4.0957,0.2958
cycle,1.0,sage,random,1,k1,0.0894,0.2865,0.0972,0.0415,0.9289,3.2939,53.2033,31.719,4.0488,0.2163
cycle,1.0,sage,random,1,k10,0.0886,0.0822,0.0972,0.0415,0.8647,0.8118,53.2033,31.719,4.0488,0.2163
cycle,1.0,sage,random,1,k20,0.0951,0.057,0.0972,0.0415,0.9986,0.5178,53.2033,31.719,4.0488,0.2163
cycle,1.0,sage,random,1,k3,0.0867,0.1529,0.0972,0.0415,0.9175,1.8623,53.2033,31.719,4.0488,0.2163
cycle,1.0,sage,random,1,k5,0.0862,0.1203,0.0972,0.0415,0.868,1.3144,53.2033,31.719,4.0488,0.2163
cycle,1.0,sage,random,1,oracle,0.0866,0.1311,0.0972,0.0415,0.8926,1.4776,53.2033,31.719,4.0488,0.2163
cycle,2.0,gcn,gnnexplainer,0,k1,0.0541,0.2292,0.0593,0.0233,0.6892,2.9442,88.4865,40.8722,4.4595,0.8365
cycle,2.0,gcn,gnnexplainer,0,k10,0.0541,0.0836,0.0593,0.0233,0.7442,1.1442,88.4865,40.8722,4.4595,0.8365
cycle,2.0,gcn,gnnexplainer,0,k20,0.0662,0.0624,0.0593,0.0233,0.9877,0.8518,88.4865,40.8722,4.4595,0.8365
cycle,2.0,gcn,gnnexplainer,0,k3,0.036,0.1049,0.0593,0.0233,0.5324,1.6594,88.4865,40.8722,4.4595,0.8365
cycle,2.0,gcn,gnnexplainer,0,k5,0.027,0.0693,0.0593,0.0233,0.3978,1.0803,88.4865,40.8722,4.4595,0.8365
cycle,2.0,gcn,gnnexplainer,0,oracle,0.0257,0.0751,0.0593,0.0233,0.3674,1.1072,88.4865,40.8722,4.4595,0.8365
cycle,2.0,gcn,gnnexplainer,1,k1,0.088,0.2844,0.0543,0.021,1.6664,6.5324,94.816,45.1409,4.36,0.7662
cycle,2.0,gcn,gnnexplainer,1,k10,0.1048,0.0869,0.0543,0.021,2.3858,2.6228,94.816,45.1409,4.36,0.7662
cycle,2.0,gcn,gnnexplainer,1,k20,0.1,0.0512,0.0543,0.021,2.1878,1.6044,94.816,45.1409,4.36,0.7662
cycle,2.0,gcn,gnnexplainer,1,k3,0.096,0.1684,0.0543,0.021,2.0796,4.169,94.816,45.1409,4.36,0.7662
cycle,2.0,gcn,gnnexplainer,1,k5,0.0992,0.1235,0.0543,0.021,2.205,3.4235,94.816,45.1409,4.36,0.7662
cycle,2.0,gcn,gnnexplainer,1,oracle,0.1013,0.1362,0.0543,0.021,2.1801,3.3914,94.816,45.1409,4.36,0.7662
cycle,2.0,gcn,grad,0,k1,0.1892,0.3971,0.0593,0.0233,3.7108,8.6127,88.4865,40.8722,4.4595,0.8365
cycle,2.0,gcn,grad,0,k10,0.1649,0.0789,0.0593,0.0233,3.3681,2.3987,88.4865,40.8722,4.4595,0.8365
cycle,2.0,gcn,grad,0,k20,0.1284,0.0465,0.0593,0.0233,2.5164,1.466,88.4865,40.8722,4.4595,0.8365
cycle,2.0,gcn,grad,0,k3,0.2252,0.2087,0.0593,0.0233,4.3436,4.3498,88.4865,40.8722,4.4595,0.8365
cycle,2.0,gcn,grad,0,k5,0.2162,0.159,0.0593,0.0233,4.2764,3.6771,88.4865,40.8722,4.4595,0.8365
cycle,2.0,gcn,grad,0,oracle,0.2215,0.1658,0.0593,0.0233,4.2446,3.2988,88.4865,40.8722,4.4595,0.8365
cycle,2.0,gcn,grad,1,k1,0.248,0.4336,0.0543,0.021,5.9611,11.9068,94.816,45.1409,4.36,0.7662
cycle,2.0,gcn,grad,1,k10,0.1648,0.0775,0.0543,0.021,3.7062,2.6844,94.816,45.1409,4.36,0.7662
cycle,2.0,gcn,grad,1,k20,0.1276,0.0414,0.0543,0.021,2.8157,1.6157,94.816,45.1409,4.36,0.7662
cycle,2.0,gcn,grad,1,k3,0.2267,0.2142,0.0543,0.021,5.1142,5.5999,94.816,45.1409,4.36,0.7662
cycle,2.0,gcn,grad,1,k5,0.2032,0.127,0.0543,0.021,4.5729,3.8644,94.816,45.1409,4.36,0.7662
cycle,2.0,gcn,grad,1,oracle,0.2117,0.1462,0.0543,0.021,4.7349,4.1359,94.816,45.1409,4.36,0.7662
cycle,2.0,gcn,ig,0,k1,0.4595,0.5052,0.0593,0.0233,9.6795,11.7017,88.4865,40.8722,4.4595,0.8365
cycle,2.0,gcn,ig,0,k10,0.1946,0.0575,0.0593,0.0233,3.8157,2.0138,88.4865,40.8722,4.4595,0.8365
cycle,2.0,gcn,ig,0,k20,0.1311,0.0341,0.0593,0.0233,2.5978,1.3951,88.4865,40.8722,4.4595,0.8365
cycle,2.0,gcn,ig,0,k3,0.3514,0.2215,0.0593,0.0233,6.6297,4.6792,88.4865,40.8722,4.4595,0.8365
cycle,2.0,gcn,ig,0,k5,0.3135,0.1294,0.0593,0.0233,5.9283,3.1023,88.4865,40.8722,4.4595,0.8365
cycle,2.0,gcn,ig,0,oracle,0.3134,0.1696,0.0593,0.0233,5.924,3.693,88.4865,40.8722,4.4595,0.8365
cycle,2.0,gcn,ig,1,k1,0.272,0.4468,0.0543,0.021,5.9232,10.6182,94.816,45.1409,4.36,0.7662
cycle,2.0,gcn,ig,1,k10,0.1952,0.058,0.0543,0.021,4.2024,2.2097,94.816,45.1409,4.36,0.7662
cycle,2.0,gcn,ig,1,k20,0.1356,0.0416,0.0543,0.021,2.9204,1.5216,94.816,45.1409,4.36,0.7662
cycle,2.0,gcn,ig,1,k3,0.2987,0.2066,0.0543,0.021,6.5636,5.9018,94.816,45.1409,4.36,0.7662
cycle,2.0,gcn,ig,1,k5,0.2832,0.1223,0.0543,0.021,6.1234,3.7532,94.816,45.1409,4.36,0.7662
cycle,2.0,gcn,ig,1,oracle,0.2983,0.1418,0.0543,0.021,6.5001,4.4467,94.816,45.1409,4.36,0.7662
cycle,2.0,gcn,random,0,k1,0.0,0.0,0.0593,0.0233,0.0,0.0,88.4865,40.8722,4.4595,0.8365
cycle,2.0,gcn,random,0,k10,0.0676,0.0944,0.0593,0.0233,1.1318,1.6203,88.4865,40.8722,4.4595,0.8365
cycle,2.0,gcn,random,0,k20,0.0568,0.0516,0.0593,0.0233,0.9449,0.8971,88.4865,40.8722,4.4595,0.8365
cycle,2.0,gcn,random,0,k3,0.045,0.1397,0.0593,0.0233,0.6486,2.1695,88.4865,40.8722,4.4595,0.8365
cycle,2.0,gcn,random,0,k5,0.0595,0.104,0.0593,0.0233,1.0551,1.9522,88.4865,40.8722,4.4595,0.8365
cycle,2.0,gcn,random,0,oracle,0.05,0.1137,0.0593,0.0233,0.8551,1.9852,88.4865,40.8722,4.4595,0.8365
cycle,2.0,gcn,random,1,k1,0.04,0.1967,0.0543,0.021,0.768,4.3552,94.816,45.1409,4.36,0.7662
cycle,2.0,gcn,random,1,k10,0.0576,0.0721,0.0543,0.021,1.0646,1.4428,94.816,45.1409,4.36,0.7662
cycle,2.0,gcn,random,1,k20,0.0508,0.0458,0.0543,0.021,0.9716,0.9144,94.816,45.1409,4.36,0.7662
cycle,2.0,gcn,random,1,k3,0.056,0.1251,0.0543,0.021,1.0873,2.6534,94.816,45.1409,4.36,0.7662
cycle,2.0,gcn,random,1,k5,0.0528,0.0955,0.0543,0.021,0.9425,1.837,94.816,45.1409,4.36,0.7662
cycle,2.0,gcn,random,1,oracle,0.0525,0.0992,0.0543,0.021,0.9853,2.0834,94.816,45.1409,4.36,0.7662
cycle,2.0,sage,gnnexplainer,0,k1,0.0575,0.2341,0.053,0.0199,1.227,5.454,95.2644,42.1858,4.3678,0.8369
cycle,2.0,sage,gnnexplainer,0,k10,0.1345,0.0847,0.053,0.0199,2.9359,2.133,95.2644,42.1858,4.3678,0.8369
cycle,2.0,sage,gnnexplainer,0,k20,0.1236,0.043,0.053,0.0199,2.5842,1.2101,95.2644,42.1858,4.3678,0.8369
cycle,2.0,sage,gnnexplainer,0,k3,0.0728,0.1475,0.053,0.0199,1.859,4.1608,95.2644,42.1858,4.3678,0.8369
cycle,2.0,sage,gnnexplainer,0,k5,0.092,0.1287,0.053,0.0199,2.2231,3.4861,95.2644,42.1858,4.3678,0.8369
cycle,2.0,sage,gnnexplainer,0,oracle,0.0858,0.1354,0.053,0.0199,2.0791,3.5551,95.2644,42.1858,4.3678,0.8369
cycle,2.0,sage,gnnexplainer,1,k1,0.112,0.3166,0.0564,0.0227,2.3201,6.9441,93.656,47.8209,4.392,0.7284
cycle,2.0,sage,gnnexplainer,1,k10,0.1712,0.086,0.0564,0.0227,3.6636,2.9164,93.656,47.8209,4.392,0.7284
cycle,2.0,sage,gnnexplainer,1,k20,0.1276,0.0373,0.0564,0.0227,2.6648,1.5198,93.656,47.8209,4.392,0.7284
cycle,2.0,sage,gnnexplainer,1,k3,0.1147,0.185,0.0564,0.0227,2.7564,5.364,93.656,47.8209,4.392,0.7284
cycle,2.0,sage,gnnexplainer,1,k5,0.1312,0.1439,0.0564,0.0227,3.1142,4.2275,93.656,47.8209,4.392,0.7284
cycle,2.0,sage,gnnexplainer,1,oracle,0.1193,0.1445,0.0564,0.0227,2.8122,4.1819,93.656,47.8209,4.392,0.7284
cycle,2.0,sage,grad,0,k1,0.3333,0.4741,0.053,0.0199,7.0695,10.8492,95.2644,42.1858,4.3678,0.8369
cycle,2.0,sage,grad,0,k10,0.2,0.0731,0.053,0.0199,4.3362,2.1779,95.2644,42.1858,4.3678,0.8369
cycle,2.0,sage,grad,0,k20,0.1356,0.0431,0.053,0.0199,2.8743,1.2614,95.2644,42.1858,4.3678,0.8369
cycle,2.0,sage,grad,0,k3,0.249,0.1917,0.053,0.0199,5.2473,4.8395,95.2644,42.1858,4.3678,0.8369
cycle,2.0,sage,grad,0,k5,0.2667,0.1168,0.053,0.0199,5.8661,3.6122,95.2644,42.1858,4.3678,0.8369
cycle,2.0,sage,grad,0,oracle,0.2669,0.1389,0.053,0.0199,5.8629,3.8598,95.2644,42.1858,4.3678,0.8369
cycle,2.0,sage,grad,1,k1,0.36,0.4819,0.0564,0.0227,7.6024,11.5116,93.656,47.8209,4.392,0.7284
cycle,2.0,sage,grad,1,k10,0.1984,0.0553,0.0564,0.0227,4.2083,2.3323,93.656,47.8209,4.392,0.7284
cycle,2.0,sage,grad,1,k20,0.1444,0.0343,0.0564,0.0227,3.1144,1.856,93.656,47.8209,4.392,0.7284
cycle,2.0,sage,grad,1,k3,0.3013,0.2135,0.0564,0.0227,6.323,5.7006,93.656,47.8209,4.392,0.7284
cycle,2.0,sage,grad,1,k5,0.2736,0.1232,0.0564,0.0227,5.8474,3.9608,93.656,47.8209,4.392,0.7284
cycle,2.0,sage,grad,1,oracle,0.2863,0.1548,0.0564,0.0227,6.0859,4.5191,93.656,47.8209,4.392,0.7284
cycle,2.0,sage,ig,0,k1,0.3333,0.4741,0.053,0.0199,7.0695,10.8492,95.2644,42.1858,4.3678,0.8369
cycle,2.0,sage,ig,0,k10,0.2,0.0731,0.053,0.0199,4.3362,2.1779,95.2644,42.1858,4.3678,0.8369
cycle,2.0,sage,ig,0,k20,0.1356,0.0431,0.053,0.0199,2.8743,1.2614,95.2644,42.1858,4.3678,0.8369
cycle,2.0,sage,ig,0,k3,0.249,0.1917,0.053,0.0199,5.2473,4.8395,95.2644,42.1858,4.3678,0.8369
cycle,2.0,sage,ig,0,k5,0.2667,0.1168,0.053,0.0199,5.8661,3.6122,95.2644,42.1858,4.3678,0.8369
cycle,2.0,sage,ig,0,oracle,0.2669,0.1389,0.053,0.0199,5.8629,3.8598,95.2644,42.1858,4.3678,0.8369
cycle,2.0,sage,ig,1,k1,0.36,0.4819,0.0564,0.0227,7.6024,11.5116,93.656,47.8209,4.392,0.7284
cycle,2.0,sage,ig,1,k10,0.1984,0.0553,0.0564,0.0227,4.2083,2.3323,93.656,47.8209,4.392,0.7284
cycle,2.0,sage,ig,1,k20,0.1444,0.0343,0.0564,0.0227,3.1144,1.856,93.656,47.8209,4.392,0.7284
cycle,2.0,sage,ig,1,k3,0.3013,0.2135,0.0564,0.0227,6.323,5.7006,93.656,47.8209,4.392,0.7284
cycle,2.0,sage,ig,1,k5,0.2736,0.1232,0.0564,0.0227,5.8474,3.9608,93.656,47.8209,4.392,0.7284
cycle,2.0,sage,ig,1,oracle,0.2863,0.1548,0.0564,0.0227,6.0859,4.5191,93.656,47.8209,4.392,0.7284
cycle,2.0,sage,random,0,k1,0.0575,0.2341,0.053,0.0199,1.0489,4.3161,95.2644,42.1858,4.3678,0.8369
cycle,2.0,sage,random,0,k10,0.0621,0.0735,0.053,0.0199,1.1672,1.4428,95.2644,42.1858,4.3678,0.8369
cycle,2.0,sage,random,0,k20,0.0534,0.0463,0.053,0.0199,1.0087,0.8865,95.2644,42.1858,4.3678,0.8369
cycle,2.0,sage,random,0,k3,0.0536,0.1333,0.053,0.0199,1.0998,2.7716,95.2644,42.1858,4.3678,0.8369
cycle,2.0,sage,random,0,k5,0.0552,0.1043,0.053,0.0199,0.9817,1.8998,95.2644,42.1858,4.3678,0.8369
cycle,2.0,sage,random,0,oracle,0.0504,0.1051,0.053,0.0199,0.9911,2.1229,95.2644,42.1858,4.3678,0.8369
cycle,2.0,sage,random,1,k1,0.04,0.1967,0.0564,0.0227,0.666,3.9881,93.656,47.8209,4.392,0.7284
cycle,2.0,sage,random,1,k10,0.0584,0.0709,0.0564,0.0227,1.0477,1.3471,93.656,47.8209,4.392,0.7284
cycle,2.0,sage,random,1,k20,0.0528,0.0485,0.0564,0.0227,0.9623,0.9575,93.656,47.8209,4.392,0.7284
cycle,2.0,sage,random,1,k3,0.048,0.1175,0.0564,0.0227,0.8259,2.2509,93.656,47.8209,4.392,0.7284
cycle,2.0,sage,random,1,k5,0.0512,0.0876,0.0564,0.0227,0.8874,1.7022,93.656,47.8209,4.392,0.7284
cycle,2.0,sage,random,1,oracle,0.0541,0.0997,0.0564,0.0227,0.9206,1.9184,93.656,47.8209,4.392,0.7284
star,0.0,gcn,gnnexplainer,0,k1,0.4545,0.5096,0.5013,0.1242,0.8442,1.0043,14.9545,4.2815,7.0,0.0
star,0.0,gcn,gnnexplainer,0,k10,0.5136,0.1283,0.5013,0.1242,1.0448,0.2548,14.9545,4.2815,7.0,0.0
star,0.0,gcn,gnnexplainer,0,k20,0.5052,0.1182,0.5013,0.1242,1.0127,0.0377,14.9545,4.2815,7.0,0.0
star,0.0,gcn,gnnexplainer,0,k3,0.4394,0.362,0.5013,0.1242,0.855,0.7108,14.9545,4.2815,7.0,0.0
star,0.0,gcn,gnnexplainer,0,k5,0.5,0.2449,0.5013,0.1242,0.9831,0.4199,14.9545,4.2815,7.0,0.0
star,0.0,gcn,gnnexplainer,0,oracle,0.5,0.1693,0.5013,0.1242,1.0019,0.2839,14.9545,4.2815,7.0,0.0
star,0.0,gcn,gnnexplainer,1,k1,0.432,0.4973,0.4146,0.1703,1.0354,1.4607,23.024,17.6327,7.0,0.0
star,0.0,gcn,gnnexplainer,1,k10,0.4624,0.1865,0.4146,0.1703,1.1952,0.8172,23.024,17.6327,7.0,0.0
star,0.0,gcn,gnnexplainer,1,k20,0.4282,0.1618,0.4146,0.1703,1.0784,0.4815,23.024,17.6327,7.0,0.0
star,0.0,gcn,gnnexplainer,1,k3,0.4053,0.3099,0.4146,0.1703,1.003,1.1182,23.024,17.6327,7.0,0.0
star,0.0,gcn,gnnexplainer,1,k5,0.4352,0.2677,0.4146,0.1703,1.0827,1.0445,23.024,17.6327,7.0,0.0
star,0.0,gcn,gnnexplainer,1,oracle,0.448,0.2187,0.4146,0.1703,1.1296,0.9231,23.024,17.6327,7.0,0.0
star,0.0,gcn,grad,0,k1,0.9545,0.2132,0.5013,0.1242,2.039,0.7626,14.9545,4.2815,7.0,0.0
star,0.0,gcn,grad,0,k10,0.5273,0.1518,0.5013,0.1242,1.0734,0.3545,14.9545,4.2815,7.0,0.0
star,0.0,gcn,grad,0,k20,0.5006,0.1262,0.5013,0.1242,0.9977,0.0468,14.9545,4.2815,7.0,0.0
star,0.0,gcn,grad,0,k3,0.5606,0.26,0.5013,0.1242,1.2532,0.8206,14.9545,4.2815,7.0,0.0
star,0.0,gcn,grad,0,k5,0.5364,0.2172,0.5013,0.1242,1.1571,0.6628,14.9545,4.2815,7.0,0.0
star,0.0,gcn,grad,0,oracle,0.513,0.1688,0.5013,0.1242,1.0798,0.5186,14.9545,4.2815,7.0,0.0
star,0.0,gcn,grad,1,k1,0.704,0.4583,0.4146,0.1703,2.3234,2.6884,23.024,17.6327,7.0,0.0
star,0.0,gcn,grad,1,k10,0.532,0.1133,0.4146,0.1703,1.717,1.4154,23.024,17.6327,7.0,0.0
star,0.0,gcn,grad,1,k20,0.4518,0.1207,0.4146,0.1703,1.2875,0.6778,23.024,17.6327,7.0,0.0
star,0.0,gcn,grad,1,k3,0.568,0.2241,0.4146,0.1703,1.9261,1.8814,23.024,17.6327,7.0,0.0
star,0.0,gcn,grad,1,k5,0.5792,0.2029,0.4146,0.1703,1.9947,2.0121,23.024,17.6327,7.0,0.0
star,0.0,gcn,grad,1,oracle,0.5714,0.1623,0.4146,0.1703,1.9456,1.8845,23.024,17.6327,7.0,0.0
star,0.0,gcn,ig,0,k1,0.6364,0.4924,0.5013,0.1242,1.3506,1.1477,14.9545,4.2815,7.0,0.0
star,0.0,gcn,ig,0,k10,0.5273,0.1486,0.5013,0.1242,1.0747,0.3447,14.9545,4.2815,7.0,0.0
star,0.0,gcn,ig,0,k20,0.5029,0.1218,0.5013,0.1242,1.0055,0.0351,14.9545,4.2815,7.0,0.0
star,0.0,gcn,ig,0,k3,0.5152,0.2462,0.5013,0.1242,1.1082,0.7355,14.9545,4.2815,7.0,0.0
star,0.0,gcn,ig,0,k5,0.5364,0.2854,0.5013,0.1242,1.1429,0.7792,14.9545,4.2815,7.0,0.0
star,0.0,gcn,ig,0,oracle,0.5325,0.2029,0.5013,0.1242,1.1141,0.5976,14.9545,4.2815,7.0,0.0
star,0.0,gcn,ig,1,k1,0.616,0.4883,0.4146,0.1703,2.32,2.8693,23.024,17.6327,7.0,0.0
star,0.0,gcn,ig,1,k10,0.5448,0.1132,0.4146,0.1703,1.7398,1.3346,23.024,17.6327,7.0,0.0
star,0.0,gcn,ig,1,k20,0.4482,0.1251,0.4146,0.1703,1.2573,0.5972,23.024,17.6327,7.0,0.0
star,0.0,gcn,ig,1,k3,0.5787,0.2437,0.4146,0.1703,2.0038,1.884,23.024,17.6327,7.0,0.0
star,0.0,gcn,ig,1,k5,0.592,0.2235,0.4146,0.1703,2.0793,2.0732,23.024,17.6327,7.0,0.0
star,0.0,gcn,ig,1,oracle,0.5794,0.1752,0.4146,0.1703,1.9675,1.8101,23.024,17.6327,7.0,0.0
star,0.0,gcn,random,0,k1,0.5455,0.5096,0.5013,0.1242,1.0844,1.0504,14.9545,4.2815,7.0,0.0
star,0.0,gcn,random,0,k10,0.5045,0.1527,0.5013,0.1242,1.0078,0.2415,14.9545,4.2815,7.0,0.0
star,0.0,gcn,random,0,k20,0.4984,0.1294,0.5013,0.1242,0.9903,0.0322,14.9545,4.2815,7.0,0.0
star,0.0,gcn,random,0,k3,0.5152,0.3039,0.5013,0.1242,1.0303,0.6537,14.9545,4.2815,7.0,0.0
star,0.0,gcn,random,0,k5,0.4909,0.2599,0.5013,0.1242,0.9649,0.5269,14.9545,4.2815,7.0,0.0
star,0.0,gcn,random,0,oracle,0.5065,0.2192,0.5013,0.1242,0.9917,0.3928,14.9545,4.2815,7.0,0.0
star,0.0,gcn,random,1,k1,0.4,0.4919,0.4146,0.1703,0.9109,1.4715,23.024,17.6327,7.0,0.0
star,0.0,gcn,random,1,k10,0.396,0.2002,0.4146,0.1703,0.9218,0.3511,23.024,17.6327,7.0,0.0
star,0.0,gcn,random,1,k20,0.4114,0.1773,0.4146,0.1703,0.9879,0.1897,23.024,17.6327,7.0,0.0
star,0.0,gcn,random,1,k3,0.3947,0.315,0.4146,0.1703,0.8808,0.7129,23.024,17.6327,7.0,0.0
star,0.0,gcn,random,1,k5,0.392,0.2442,0.4146,0.1703,0.9227,0.5334,23.024,17.6327,7.0,0.0
star,0.0,gcn,random,1,oracle,0.3909,0.2163,0.4146,0.1703,0.9231,0.4508,23.024,17.6327,7.0,0.0
star,0.0,sage,gnnexplainer,0,k1,0.4906,0.5047,0.4417,0.1657,1.0296,1.2242,20.3019,14.6006,7.0,0.0
star,0.0,sage,gnnexplainer,0,k10,0.4792,0.1843,0.4417,0.1657,1.1418,0.6571,20.3019,14.6006,7.0,0.0
star,0.0,sage,gnnexplainer,0,k20,0.4682,0.1277,0.4417,0.1657,1.1869,0.5559,20.3019,14.6006,7.0,0.0
star,0.0,sage,gnnexplainer,0,k3,0.4906,0.3435,0.4417,0.1657,0.9883,0.718,20.3019,14.6006,7.0,0.0
star,0.0,sage,gnnexplainer,0,k5,0.4566,0.2866,0.4417,0.1657,0.9968,0.7838,20.3019,14.6006,7.0,0.0
star,0.0,sage,gnnexplainer,0,oracle,0.4609,0.2453,0.4417,0.1657,1.0547,0.7557,20.3019,14.6006,7.0,0.0
star,0.0,sage,gnnexplainer,1,k1,0.448,0.4993,0.4429,0.1649,1.0777,1.5836,20.48,14.805,7.0,0.0
star,0.0,sage,gnnexplainer,1,k10,0.5032,0.1373,0.4429,0.1649,1.3397,0.9206,20.48,14.805,7.0,0.0
star,0.0,sage,gnnexplainer,1,k20,0.4652,0.1332,0.4429,0.1649,1.1637,0.4966,20.48,14.805,7.0,0.0
star,0.0,sage,gnnexplainer,1,k3,0.4853,0.3097,0.4429,0.1649,1.1764,1.1482,20.48,14.805,7.0,0.0
star,0.0,sage,gnnexplainer,1,k5,0.4848,0.2345,0.4429,0.1649,1.1874,0.9378,20.48,14.805,7.0,0.0
star,0.0,sage,gnnexplainer,1,oracle,0.4891,0.1879,0.4429,0.1649,1.2759,0.9944,20.48,14.805,7.0,0.0
star,0.0,sage,grad,0,k1,0.5283,0.504,0.4417,0.1657,1.7305,2.4694,20.3019,14.6006,7.0,0.0
star,0.0,sage,grad,0,k10,0.5642,0.1076,0.4417,0.1657,1.6291,1.2706,20.3019,14.6006,7.0,0.0
star,0.0,sage,grad,0,k20,0.4692,0.1259,0.4417,0.1657,1.1999,0.6025,20.3019,14.6006,7.0,0.0
star,0.0,sage,grad,0,k3,0.5346,0.2388,0.4417,0.1657,1.8248,2.2076,20.3019,14.6006,7.0,0.0
star,0.0,sage,grad,0,k5,0.5698,0.2267,0.4417,0.1657,1.8237,1.969,20.3019,14.6006,7.0,0.0
star,0.0,sage,grad,0,oracle,0.5741,0.1738,0.4417,0.1657,1.7524,1.7079,20.3019,14.6006,7.0,0.0
star,0.0,sage,grad,1,k1,0.584,0.4949,0.4429,0.1649,1.544,1.7011,20.48,14.805,7.0,0.0
star,0.0,sage,grad,1,k10,0.5344,0.1258,0.4429,0.1649,1.5543,1.3392,20.48,14.805,7.0,0.0
star,0.0,sage,grad,1,k20,0.4724,0.1215,0.4429,0.1649,1.214,0.5813,20.48,14.805,7.0,0.0
star,0.0,sage,grad,1,k3,0.504,0.2304,0.4429,0.1649,1.5901,1.5017,20.48,14.805,7.0,0.0
star,0.0,sage,grad,1,k5,0.5216,0.2227,0.4429,0.1649,1.656,1.6816,20.48,14.805,7.0,0.0
star,0.0,sage,grad,1,oracle,0.5417,0.1714,0.4429,0.1649,1.6712,1.6573,20.48,14.805,7.0,0.0
star,0.0,sage,ig,0,k1,0.5283,0.504,0.4417,0.1657,1.7305,2.4694,20.3019,14.6006,7.0,0.0
star,0.0,sage,ig,0,k10,0.5642,0.1076,0.4417,0.1657,1.6291,1.2706,20.3019,14.6006,7.0,0.0
star,0.0,sage,ig,0,k20,0.4692,0.1259,0.4417,0.1657,1.1999,0.6025,20.3019,14.6006,7.0,0.0
star,0.0,sage,ig,0,k3,0.5346,0.2388,0.4417,0.1657,1.8248,2.2076,20.3019,14.6006,7.0,0.0
star,0.0,sage,ig,0,k5,0.5698,0.2267,0.4417,0.1657,1.8237,1.969,20.3019,14.6006,7.0,0.0
star,0.0,sage,ig,0,oracle,0.5741,0.1738,0.4417,0.1657,1.7524,1.7079,20.3019,14.6006,7.0,0.0
star,0.0,sage,ig,1,k1,0.584,0.4949,0.4429,0.1649,1.544,1.7011,20.48,14.805,7.0,0.0
star,0.0,sage,ig,1,k10,0.5344,0.1258,0.4429,0.1649,1.5543,1.3392,20.48,14.805,7.0,0.0
star,0.0,sage,ig,1,k20,0.4724,0.1215,0.4429,0.1649,1.214,0.5813,20.48,14.805,7.0,0.0
star,0.0,sage,ig,1,k3,0.504,0.2304,0.4429,0.1649,1.5901,1.5017,20.48,14.805,7.0,0.0
star,0.0,sage,ig,1,k5,0.5216,0.2227,0.4429,0.1649,1.656,1.6816,20.48,14.805,7.0,0.0
star,0.0,sage,ig,1,oracle,0.5417,0.1714,0.4429,0.1649,1.6712,1.6573,20.48,14.805,7.0,0.0
star,0.0,sage,random,0,k1,0.4151,0.4975,0.4417,0.1657,0.8787,1.1406,20.3019,14.6006,7.0,0.0
star,0.0,sage,random,0,k10,0.4491,0.1928,0.4417,0.1657,1.0011,0.2877,20.3019,14.6006,7.0,0.0
star,0.0,sage,random,0,k20,0.4371,0.1726,0.4417,0.1657,0.9817,0.1067,20.3019,14.6006,7.0,0.0
star,0.0,sage,random,0,k3,0.4528,0.3142,0.4417,0.1657,0.9856,0.7241,20.3019,14.6006,7.0,0.0
star,0.0,sage,random,0,k5,0.4415,0.2492,0.4417,0.1657,1.0081,0.5246,20.3019,14.6006,7.0,0.0
star,0.0,sage,random,0,oracle,0.4286,0.217,0.4417,0.1657,0.9503,0.3834,20.3019,14.6006,7.0,0.0
star,0.0,sage,random,1,k1,0.416,0.4949,0.4429,0.1649,0.8617,1.148,20.48,14.805,7.0,0.0
star,0.0,sage,random,1,k10,0.4152,0.1943,0.4429,0.1649,0.8921,0.3099,20.48,14.805,7.0,0.0
star,0.0,sage,random,1,k20,0.4392,0.1751,0.4429,0.1649,0.9731,0.1973,20.48,14.805,7.0,0.0
star,0.0,sage,random,1,k3,0.4187,0.3165,0.4429,0.1649,0.859,0.6172,20.48,14.805,7.0,0.0
star,0.0,sage,random,1,k5,0.4224,0.2605,0.4429,0.1649,0.9058,0.493,20.48,14.805,7.0,0.0
star,0.0,sage,random,1,oracle,0.4183,0.2238,0.4429,0.1649,0.8934,0.3729,20.48,14.805,7.0,0.0
star,0.5,gcn,gnnexplainer,0,k1,0.3636,0.4866,0.318,0.1397,1.0,1.4007,34.6136,36.7741,7.0,0.0
star,0.5,gcn,gnnexplainer,0,k10,0.2977,0.1994,0.318,0.1397,0.7604,0.4778,34.6136,36.7741,7.0,0.0
star,0.5,gcn,gnnexplainer,0,k20,0.3254,0.1378,0.318,0.1397,1.0761,0.4732,34.6136,36.7741,7.0,0.0
star,0.5,gcn,gnnexplainer,0,k3,0.3712,0.3232,0.318,0.1397,0.9827,0.8842,34.6136,36.7741,7.0,0.0
star,0.5,gcn,gnnexplainer,0,k5,0.3227,0.2596,0.318,0.1397,0.824,0.6471,34.6136,36.7741,7.0,0.0
star,0.5,gcn,gnnexplainer,0,oracle,0.2987,0.2239,0.318,0.1397,0.7597,0.5503,34.6136,36.7741,7.0,0.0
star,0.5,gcn,gnnexplainer,1,k1,0.304,0.4618,0.294,0.1307,0.9966,2.1353,34.512,30.0359,7.0,0.0
star,0.5,gcn,gnnexplainer,1,k10,0.3008,0.1527,0.294,0.1307,1.1434,0.9785,34.512,30.0359,7.0,0.0
star,0.5,gcn,gnnexplainer,1,k20,0.3238,0.0997,0.294,0.1307,1.3368,0.867,34.512,30.0359,7.0,0.0
star,0.5,gcn,gnnexplainer,1,k3,0.3147,0.312,0.294,0.1307,1.048,1.5289,34.512,30.0359,7.0,0.0
star,0.5,gcn,gnnexplainer,1,k5,0.3072,0.2417,0.294,0.1307,1.0254,1.0972,34.512,30.0359,7.0,0.0
star,0.5,gcn,gnnexplainer,1,oracle,0.2994,0.2016,0.294,0.1307,1.0366,1.0014,34.512,30.0359,7.0,0.0
star,0.5,gcn,grad,0,k1,0.5455,0.5037,0.318,0.1397,1.5812,1.5903,34.6136,36.7741,7.0,0.0
star,0.5,gcn,grad,0,k10,0.3864,0.1305,0.318,0.1397,1.8282,1.8005,34.6136,36.7741,7.0,0.0
star,0.5,gcn,grad,0,k20,0.3595,0.0848,0.318,0.1397,1.5466,1.3098,34.6136,36.7741,7.0,0.0
star,0.5,gcn,grad,0,k3,0.3712,0.2408,0.318,0.1397,1.539,1.9102,34.6136,36.7741,7.0,0.0
star,0.5,gcn,grad,0,k5,0.4091,0.2111,0.318,0.1397,1.9597,2.212,34.6136,36.7741,7.0,0.0
star,0.5,gcn,grad,0,oracle,0.4188,0.1642,0.318,0.1397,2.0547,2.1947,34.6136,36.7741,7.0,0.0
star,0.5,gcn,grad,1,k1,0.48,0.5016,0.294,0.1307,2.2697,3.7529,34.512,30.0359,7.0,0.0
star,0.5,gcn,grad,1,k10,0.3808,0.1148,0.294,0.1307,1.919,1.8918,34.512,30.0359,7.0,0.0
star,0.5,gcn,grad,1,k20,0.343,0.0827,0.294,0.1307,1.5333,1.2272,34.512,30.0359,7.0,0.0
star,0.5,gcn,grad,1,k3,0.4053,0.2223,0.294,0.1307,2.2023,2.7033,34.512,30.0359,7.0,0.0
star,0.5,gcn,grad,1,k5,0.4096,0.1965,0.294,0.1307,2.3063,2.92,34.512,30.0359,7.0,0.0
star,0.5,gcn,grad,1,oracle,0.3897,0.1627,0.294,0.1307,2.0967,2.377,34.512,30.0359,7.0,0.0
star,0.5,gcn,ig,0,k1,0.5455,0.5037,0.318,0.1397,1.9545,2.2617,34.6136,36.7741,7.0,0.0
star,0.5,gcn,ig,0,k10,0.4068,0.1437,0.318,0.1397,2.325,3.2376,34.6136,36.7741,7.0,0.0
star,0.5,gcn,ig,0,k20,0.3731,0.0731,0.318,0.1397,1.6891,1.6871,34.6136,36.7741,7.0,0.0
star,0.5,gcn,ig,0,k3,0.4394,0.1871,0.318,0.1397,2.4665,2.8535,34.6136,36.7741,7.0,0.0
star,0.5,gcn,ig,0,k5,0.4409,0.2138,0.318,0.1397,2.6545,3.6375,34.6136,36.7741,7.0,0.0
star,0.5,gcn,ig,0,oracle,0.4221,0.2019,0.318,0.1397,2.5747,3.9011,34.6136,36.7741,7.0,0.0
star,0.5,gcn,ig,1,k1,0.528,0.5012,0.294,0.1307,2.6846,4.0292,34.512,30.0359,7.0,0.0
star,0.5,gcn,ig,1,k10,0.356,0.1088,0.294,0.1307,1.8697,2.0801,34.512,30.0359,7.0,0.0
star,0.5,gcn,ig,1,k20,0.3358,0.0886,0.294,0.1307,1.4793,1.1626,34.512,30.0359,7.0,0.0
star,0.5,gcn,ig,1,k3,0.4213,0.1803,0.294,0.1307,2.3211,2.8639,34.512,30.0359,7.0,0.0
star,0.5,gcn,ig,1,k5,0.3808,0.1821,0.294,0.1307,2.2002,2.5881,34.512,30.0359,7.0,0.0
star,0.5,gcn,ig,1,oracle,0.3669,0.1532,0.294,0.1307,2.0622,2.4932,34.512,30.0359,7.0,0.0
star,0.5,gcn,random,0,k1,0.4091,0.4974,0.318,0.1397,1.1916,1.722,34.6136,36.7741,7.0,0.0
star,0.5,gcn,random,0,k10,0.3227,0.1597,0.318,0.1397,1.0623,0.5114,34.6136,36.7741,7.0,0.0
star,0.5,gcn,random,0,k20,0.3209,0.1394,0.318,0.1397,1.0278,0.1908,34.6136,36.7741,7.0,0.0
star,0.5,gcn,random,0,k3,0.3712,0.2983,0.318,0.1397,1.0628,0.8607,34.6136,36.7741,7.0,0.0
star,0.5,gcn,random,0,k5,0.3545,0.2194,0.318,0.1397,1.0747,0.6004,34.6136,36.7741,7.0,0.0
star,0.5,gcn,random,0,oracle,0.3474,0.1833,0.318,0.1397,1.1707,0.6718,34.6136,36.7741,7.0,0.0
star,0.5,gcn,random,1,k1,0.304,0.4618,0.294,0.1307,0.9566,1.613,34.512,30.0359,7.0,0.0
star,0.5,gcn,random,1,k10,0.296,0.1568,0.294,0.1307,1.0163,0.5076,34.512,30.0359,7.0,0.0
star,0.5,gcn,random,1,k20,0.297,0.1344,0.294,0.1307,1.0171,0.3614,34.512,30.0359,7.0,0.0
star,0.5,gcn,random,1,k3,0.3307,0.2627,0.294,0.1307,1.0945,1.078,34.512,30.0359,7.0,0.0
star,0.5,gcn,random,1,k5,0.2896,0.2177,0.294,0.1307,0.965,0.7836,34.512,30.0359,7.0,0.0
star,0.5,gcn,random,1,oracle,0.296,0.1825,0.294,0.1307,0.9905,0.614,34.512,30.0359,7.0,0.0
star,0.5,sage,gnnexplainer,0,k1,0.2927,0.4606,0.2476,0.1466,0.8397,1.3504,48.6829,45.2728,7.0,0.0
star,0.5,sage,gnnexplainer,0,k10,0.2732,0.1884,0.2476,0.1466,1.5697,2.2036,48.6829,45.2728,7.0,0.0
star,0.5,sage,gnnexplainer,0,k20,0.2976,0.1244,0.2476,0.1466,1.6051,1.2428,48.6829,45.2728,7.0,0.0
star,0.5,sage,gnnexplainer,0,k3,0.2114,0.3051,0.2476,0.1466,0.5981,0.8677,48.6829,45.2728,7.0,0.0
star,0.5,sage,gnnexplainer,0,k5,0.2439,0.247,0.2476,0.1466,0.8962,1.1827,48.6829,45.2728,7.0,0.0
star,0.5,sage,gnnexplainer,0,oracle,0.2718,0.2209,0.2476,0.1466,1.3609,1.8269,48.6829,45.2728,7.0,0.0
star,0.5,sage,gnnexplainer,1,k1,0.264,0.4426,0.3012,0.1277,1.2503,2.8909,31.472,22.5183,7.0,0.0
star,0.5,sage,gnnexplainer,1,k10,0.3768,0.1296,0.3012,0.1277,1.5851,1.3213,31.472,22.5183,7.0,0.0
star,0.5,sage,gnnexplainer,1,k20,0.3395,0.0863,0.3012,0.1277,1.3691,0.8511,31.472,22.5183,7.0,0.0
star,0.5,sage,gnnexplainer,1,k3,0.3387,0.3052,0.3012,0.1277,1.3985,2.2411,31.472,22.5183,7.0,0.0
star,0.5,sage,gnnexplainer,1,k5,0.3728,0.219,0.3012,0.1277,1.4951,1.7294,31.472,22.5183,7.0,0.0
star,0.5,sage,gnnexplainer,1,oracle,0.3909,0.1797,0.3012,0.1277,1.5984,1.441,31.472,22.5183,7.0,0.0
star,0.5,sage,grad,0,k1,0.561,0.5024,0.2476,0.1466,3.5679,5.7725,48.6829,45.2728,7.0,0.0
star,0.5,sage,grad,0,k10,0.4293,0.1309,0.2476,0.1466,3.2941,3.8826,48.6829,45.2728,7.0,0.0
star,0.5,sage,grad,0,k20,0.3501,0.0649,0.2476,0.1466,2.2247,1.885,48.6829,45.2728,7.0,0.0
star,0.5,sage,grad,0,k3,0.4472,0.2428,0.2476,0.1466,3.3368,4.0889,48.6829,45.2728,7.0,0.0
star,0.5,sage,grad,0,k5,0.4488,0.166,0.2476,0.1466,3.4613,3.8352,48.6829,45.2728,7.0,0.0
star,0.5,sage,grad,0,oracle,0.446,0.1603,0.2476,0.1466,3.4072,3.807,48.6829,45.2728,7.0,0.0
star,0.5,sage,grad,1,k1,0.56,0.4984,0.3012,0.1277,2.6263,3.5332,31.472,22.5183,7.0,0.0
star,0.5,sage,grad,1,k10,0.3904,0.116,0.3012,0.1277,1.8169,1.6856,31.472,22.5183,7.0,0.0
star,0.5,sage,grad,1,k20,0.3503,0.077,0.3012,0.1277,1.4308,0.8573,31.472,22.5183,7.0,0.0
star,0.5,sage,grad,1,k3,0.408,0.1576,0.3012,0.1277,2.064,2.3177,31.472,22.5183,7.0,0.0
star,0.5,sage,grad,1,k5,0.3744,0.1626,0.3012,0.1277,1.9125,2.0491,31.472,22.5183,7.0,0.0
star,0.5,sage,grad,1,oracle,0.3874,0.1505,0.3012,0.1277,1.9058,1.9899,31.472,22.5183,7.0,0.0
star,0.5,sage,ig,0,k1,0.561,0.5024,0.2476,0.1466,3.5679,5.7725,48.6829,45.2728,7.0,0.0
star,0.5,sage,ig,0,k10,0.4293,0.1309,0.2476,0.1466,3.2941,3.8826,48.6829,45.2728,7.0,0.0
star,0.5,sage,ig,0,k20,0.3501,0.0649,0.2476,0.1466,2.2247,1.885,48.6829,45.2728,7.0,0.0
star,0.5,sage,ig,0,k3,0.4472,0.2428,0.2476,0.1466,3.3368,4.0889,48.6829,45.2728,7.0,0.0
star,0.5,sage,ig,0,k5,0.4488,0.166,0.2476,0.1466,3.4613,3.8352,48.6829,45.2728,7.0,0.0
star,0.5,sage,ig,0,oracle,0.446,0.1603,0.2476,0.1466,3.4072,3.807,48.6829,45.2728,7.0,0.0
star,0.5,sage,ig,1,k1,0.56,0.4984,0.3012,0.1277,2.6263,3.5332,31.472,22.5183,7.0,0.0
star,0.5,sage,ig,1,k10,0.3904,0.116,0.3012,0.1277,1.8169,1.6856,31.472,22.5183,7.0,0.0
star,0.5,sage,ig,1,k20,0.3503,0.077,0.3012,0.1277,1.4308,0.8573,31.472,22.5183,7.0,0.0
star,0.5,sage,ig,1,k3,0.408,0.1576,0.3012,0.1277,2.064,2.3177,31.472,22.5183,7.0,0.0
star,0.5,sage,ig,1,k5,0.3744,0.1626,0.3012,0.1277,1.9125,2.0491,31.472,22.5183,7.0,0.0
star,0.5,sage,ig,1,oracle,0.3874,0.1505,0.3012,0.1277,1.9058,1.9899,31.472,22.5183,7.0,0.0
star,0.5,sage,random,0,k1,0.2195,0.4191,0.2476,0.1466,0.7352,1.6652,48.6829,45.2728,7.0,0.0
star,0.5,sage,random,0,k10,0.2366,0.1513,0.2476,0.1466,1.0157,0.646,48.6829,45.2728,7.0,0.0
star,0.5,sage,random,0,k20,0.2501,0.1478,0.2476,0.1466,1.0434,0.4219,48.6829,45.2728,7.0,0.0
star,0.5,sage,random,0,k3,0.2276,0.2521,0.2476,0.1466,0.7851,0.9405,48.6829,45.2728,7.0,0.0
star,0.5,sage,random,0,k5,0.239,0.206,0.2476,0.1466,0.8655,0.7091,48.6829,45.2728,7.0,0.0
star,0.5,sage,random,0,oracle,0.23,0.1687,0.2476,0.1466,0.9582,0.7731,48.6829,45.2728,7.0,0.0
star,0.5,sage,random,1,k1,0.328,0.4714,0.3012,0.1277,1.0057,1.6061,31.472,22.5183,7.0,0.0
star,0.5,sage,random,1,k10,0.312,0.1599,0.3012,0.1277,1.0198,0.4796,31.472,22.5183,7.0,0.0
star,0.5,sage,random,1,k20,0.3031,0.1333,0.3012,0.1277,0.9886,0.2686,31.472,22.5183,7.0,0.0
star,0.5,sage,random,1,k3,0.3707,0.2651,0.3012,0.1277,1.1783,0.8849,31.472,22.5183,7.0,0.0
star,0.5,sage,random,1,k5,0.336,0.2223,0.3012,0.1277,1.1072,0.7401,31.472,22.5183,7.0,0.0
star,0.5,sage,random,1,oracle,0.3269,0.1857,0.3012,0.1277,1.0684,0.5931,31.472,22.5183,7.0,0.0
star,1.0,gcn,gnnexplainer,0,k1,0.1452,0.3551,0.1639,0.084,0.712,1.8075,64.4839,48.3494,7.129,0.3834
star,1.0,gcn,gnnexplainer,0,k10,0.1597,0.1286,0.1639,0.084,0.9082,0.8714,64.4839,48.3494,7.129,0.3834
star,1.0,gcn,gnnexplainer,0,k20,0.1879,0.0944,0.1639,0.084,1.2477,0.7761,64.4839,48.3494,7.129,0.3834
star,1.0,gcn,gnnexplainer,0,k3,0.1505,0.2232,0.1639,0.084,0.6751,1.0127,64.4839,48.3494,7.129,0.3834
star,1.0,gcn,gnnexplainer,0,k5,0.1323,0.1576,0.1639,0.084,0.5871,0.7002,64.4839,48.3494,7.129,0.3834
star,1.0,gcn,gnnexplainer,0,oracle,0.1506,0.1497,0.1639,0.084,0.8196,0.8637,64.4839,48.3494,7.129,0.3834
star,1.0,gcn,gnnexplainer,1,k1,0.232,0.4238,0.1751,0.0793,1.1886,2.4744,60.784,55.257,7.096,0.3686
star,1.0,gcn,gnnexplainer,1,k10,0.232,0.1235,0.1751,0.0793,1.5474,1.4437,60.784,55.257,7.096,0.3686
star,1.0,gcn,gnnexplainer,1,k20,0.2192,0.0723,0.1751,0.0793,1.6426,1.4148,60.784,55.257,7.096,0.3686
star,1.0,gcn,gnnexplainer,1,k3,0.2507,0.2666,0.1751,0.0793,1.4353,2.1742,60.784,55.257,7.096,0.3686
star,1.0,gcn,gnnexplainer,1,k5,0.248,0.2101,0.1751,0.0793,1.4738,1.8469,60.784,55.257,7.096,0.3686
star,1.0,gcn,gnnexplainer,1,oracle,0.2421,0.1718,0.1751,0.0793,1.5299,1.7326,60.784,55.257,7.096,0.3686
star,1.0,gcn,grad,0,k1,0.3871,0.4911,0.1639,0.084,3.3227,5.7692,64.4839,48.3494,7.129,0.3834
star,1.0,gcn,grad,0,k10,0.2597,0.1108,0.1639,0.084,2.65,2.6613,64.4839,48.3494,7.129,0.3834
star,1.0,gcn,grad,0,k20,0.2419,0.0574,0.1639,0.084,2.0787,1.4906,64.4839,48.3494,7.129,0.3834
star,1.0,gcn,grad,0,k3,0.3172,0.1645,0.1639,0.084,2.8871,3.1057,64.4839,48.3494,7.129,0.3834
star,1.0,gcn,grad,0,k5,0.2774,0.1509,0.1639,0.084,2.7227,2.8879,64.4839,48.3494,7.129,0.3834
star,1.0,gcn,grad,0,oracle,0.2606,0.1412,0.1639,0.084,2.628,2.7705,64.4839,48.3494,7.129,0.3834
star,1.0,gcn,grad,1,k1,0.344,0.477,0.1751,0.0793,4.0419,7.8135,60.784,55.257,7.096,0.3686
star,1.0,gcn,grad,1,k10,0.2408,0.1165,0.1751,0.0793,2.2911,2.8382,60.784,55.257,7.096,0.3686
star,1.0,gcn,grad,1,k20,0.2468,0.0563,0.1751,0.0793,2.027,1.8383,60.784,55.257,7.096,0.3686
star,1.0,gcn,grad,1,k3,0.2533,0.2004,0.1751,0.0793,2.6281,3.9543,60.784,55.257,7.096,0.3686
star,1.0,gcn,grad,1,k5,0.2416,0.1709,0.1751,0.0793,2.6961,4.3878,60.784,55.257,7.096,0.3686
star,1.0,gcn,grad,1,oracle,0.2262,0.1317,0.1751,0.0793,2.3276,3.221,60.784,55.257,7.096,0.3686
star,1.0,gcn,ig,0,k1,0.4194,0.4975,0.1639,0.084,3.9796,6.4735,64.4839,48.3494,7.129,0.3834
star,1.0,gcn,ig,0,k10,0.2742,0.139,0.1639,0.084,2.8975,3.2127,64.4839,48.3494,7.129,0.3834
star,1.0,gcn,ig,0,k20,0.2444,0.0628,0.1639,0.084,2.2025,1.8761,64.4839,48.3494,7.129,0.3834
star,1.0,gcn,ig,0,k3,0.3333,0.135,0.1639,0.084,3.1985,3.4618,64.4839,48.3494,7.129,0.3834
star,1.0,gcn,ig,0,k5,0.2742,0.1459,0.1639,0.084,2.8413,3.1867,64.4839,48.3494,7.129,0.3834
star,1.0,gcn,ig,0,oracle,0.2649,0.1313,0.1639,0.084,2.7063,2.8652,64.4839,48.3494,7.129,0.3834
star,1.0,gcn,ig,1,k1,0.24,0.4288,0.1751,0.0793,2.6219,6.5692,60.784,55.257,7.096,0.3686
star,1.0,gcn,ig,1,k10,0.2624,0.1209,0.1751,0.0793,2.7357,3.8583,60.784,55.257,7.096,0.3686
star,1.0,gcn,ig,1,k20,0.254,0.0662,0.1751,0.0793,2.227,2.4396,60.784,55.257,7.096,0.3686
star,1.0,gcn,ig,1,k3,0.3173,0.1576,0.1751,0.0793,3.0576,4.7024,60.784,55.257,7.096,0.3686
star,1.0,gcn,ig,1,k5,0.2496,0.136,0.1751,0.0793,2.635,3.9168,60.784,55.257,7.096,0.3686
star,1.0,gcn,ig,1,oracle,0.2383,0.1323,0.1751,0.0793,2.625,4.0165,60.784,55.257,7.096,0.3686
star,1.0,gcn,random,0,k1,0.1129,0.3191,0.1639,0.084,0.7627,2.3551,64.4839,48.3494,7.129,0.3834
star,1.0,gcn,random,0,k10,0.1484,0.1264,0.1639,0.084,0.9011,0.7637,64.4839,48.3494,7.129,0.3834
star,1.0,gcn,random,0,k20,0.1548,0.0978,0.1639,0.084,0.936,0.4686,64.4839,48.3494,7.129,0.3834
star,1.0,gcn,random,0,k3,0.1613,0.2155,0.1639,0.084,1.0716,1.6586,64.4839,48.3494,7.129,0.3834
star,1.0,gcn,random,0,k5,0.1548,0.1826,0.1639,0.084,0.9467,1.1562,64.4839,48.3494,7.129,0.3834
star,1.0,gcn,random,0,oracle,0.1492,0.1496,0.1639,0.084,0.9255,0.9136,64.4839,48.3494,7.129,0.3834
star,1.0,gcn,random,1,k1,0.208,0.4075,0.1751,0.0793,1.4281,3.549,60.784,55.257,7.096,0.3686
star,1.0,gcn,random,1,k10,0.1848,0.1264,0.1751,0.0793,1.0787,0.8332,60.784,55.257,7.096,0.3686
star,1.0,gcn,random,1,k20,0.1772,0.096,0.1751,0.0793,1.0476,0.5632,60.784,55.257,7.096,0.3686
star,1.0,gcn,random,1,k3,0.1867,0.2334,0.1751,0.0793,1.1828,1.9731,60.784,55.257,7.096,0.3686
star,1.0,gcn,random,1,k5,0.1824,0.1607,0.1751,0.0793,1.1422,1.2958,60.784,55.257,7.096,0.3686
star,1.0,gcn,random,1,oracle,0.1871,0.1475,0.1751,0.0793,1.0835,0.9649,60.784,55.257,7.096,0.3686
star,1.0,sage,gnnexplainer,0,k1,0.2222,0.4187,0.1716,0.0856,1.0821,2.1445,65.6944,56.7176,7.1389,0.3866
star,1.0,sage,gnnexplainer,0,k10,0.2292,0.1326,0.1716,0.0856,1.5268,1.3486,65.6944,56.7176,7.1389,0.3866
star,1.0,sage,gnnexplainer,0,k20,0.216,0.0791,0.1716,0.0856,1.6094,1.1076,65.6944,56.7176,7.1389,0.3866
star,1.0,sage,gnnexplainer,0,k3,0.2361,0.2766,0.1716,0.0856,1.1586,1.4065,65.6944,56.7176,7.1389,0.3866
star,1.0,sage,gnnexplainer,0,k5,0.2278,0.2104,0.1716,0.0856,1.1285,1.1096,65.6944,56.7176,7.1389,0.3866
star,1.0,sage,gnnexplainer,0,oracle,0.2138,0.1777,0.1716,0.0856,1.1212,1.0088,65.6944,56.7176,7.1389,0.3866
star,1.0,sage,gnnexplainer,1,k1,0.2583,0.4396,0.1751,0.0785,1.5452,3.4398,57.475,48.1196,7.075,0.347
star,1.0,sage,gnnexplainer,1,k10,0.2367,0.1053,0.1751,0.0785,1.838,1.9536,57.475,48.1196,7.075,0.347
star,1.0,sage,gnnexplainer,1,k20,0.2204,0.076,0.1751,0.0785,1.6651,1.581,57.475,48.1196,7.075,0.347
star,1.0,sage,gnnexplainer,1,k3,0.2417,0.2285,0.1751,0.0785,1.7243,2.6108,57.475,48.1196,7.075,0.347
star,1.0,sage,gnnexplainer,1,k5,0.2467,0.1675,0.1751,0.0785,1.8657,2.6655,57.475,48.1196,7.075,0.347
star,1.0,sage,gnnexplainer,1,oracle,0.2388,0.1447,0.1751,0.0785,1.8109,2.3352,57.475,48.1196,7.075,0.347
star,1.0,sage,grad,0,k1,0.5,0.5035,0.1716,0.0856,4.9665,7.0687,65.6944,56.7176,7.1389,0.3866
star,1.0,sage,grad,0,k10,0.2361,0.1335,0.1716,0.0856,2.7208,3.4158,65.6944,56.7176,7.1389,0.3866
star,1.0,sage,grad,0,k20,0.2507,0.0669,0.1716,0.0856,2.3929,2.3786,65.6944,56.7176,7.1389,0.3866
star,1.0,sage,grad,0,k3,0.3472,0.1526,0.1716,0.0856,3.5982,4.3397,65.6944,56.7176,7.1389,0.3866
star,1.0,sage,grad,0,k5,0.2694,0.139,0.1716,0.0856,2.8943,3.555,65.6944,56.7176,7.1389,0.3866
star,1.0,sage,grad,0,oracle,0.2463,0.149,0.1716,0.0856,2.7778,3.6034,65.6944,56.7176,7.1389,0.3866
star,1.0,sage,grad,1,k1,0.575,0.4964,0.1751,0.0785,4.4835,6.2795,57.475,48.1196,7.075,0.347
star,1.0,sage,grad,1,k10,0.225,0.1094,0.1751,0.0785,2.1112,2.8798,57.475,48.1196,7.075,0.347
star,1.0,sage,grad,1,k20,0.2358,0.0725,0.1751,0.0785,1.9285,1.9959,57.475,48.1196,7.075,0.347
star,1.0,sage,grad,1,k3,0.325,0.118,0.1751,0.0785,2.7628,3.0524,57.475,48.1196,7.075,0.347
star,1.0,sage,grad,1,k5,0.2333,0.1048,0.1751,0.0785,2.2162,3.0864,57.475,48.1196,7.075,0.347
star,1.0,sage,grad,1,oracle,0.2171,0.1092,0.1751,0.0785,2.1236,3.1957,57.475,48.1196,7.075,0.347
star,1.0,sage,ig,0,k1,0.5,0.5035,0.1716,0.0856,4.9665,7.0687,65.6944,56.7176,7.1389,0.3866
star,1.0,sage,ig,0,k10,0.2361,0.1335,0.1716,0.0856,2.7208,3.4158,65.6944,56.7176,7.1389,0.3866
star,1.0,sage,ig,0,k20,0.2507,0.0669,0.1716,0.0856,2.3929,2.3786,65.6944,56.7176,7.1389,0.3866
star,1.0,sage,ig,0,k3,0.3472,0.1526,0.1716,0.0856,3.5982,4.3397,65.6944,56.7176,7.1389,0.3866
star,1.0,sage,ig,0,k5,0.2694,0.139,0.1716,0.0856,2.8943,3.555,65.6944,56.7176,7.1389,0.3866
star,1.0,sage,ig,0,oracle,0.2463,0.149,0.1716,0.0856,2.7778,3.6034,65.6944,56.7176,7.1389,0.3866
star,1.0,sage,ig,1,k1,0.575,0.4964,0.1751,0.0785,4.4835,6.2795,57.475,48.1196,7.075,0.347
star,1.0,sage,ig,1,k10,0.225,0.1094,0.1751,0.0785,2.1112,2.8798,57.475,48.1196,7.075,0.347
star,1.0,sage,ig,1,k20,0.2358,0.0725,0.1751,0.0785,1.9285,1.9959,57.475,48.1196,7.075,0.347
star,1.0,sage,ig,1,k3,0.325,0.118,0.1751,0.0785,2.7628,3.0524,57.475,48.1196,7.075,0.347
star,1.0,sage,ig,1,k5,0.2333,0.1048,0.1751,0.0785,2.2162,3.0864,57.475,48.1196,7.075,0.347
star,1.0,sage,ig,1,oracle,0.2171,0.1092,0.1751,0.0785,2.1236,3.1957,57.475,48.1196,7.075,0.347
star,1.0,sage,random,0,k1,0.125,0.333,0.1716,0.0856,0.9291,3.4376,65.6944,56.7176,7.1389,0.3866
star,1.0,sage,random,0,k10,0.1722,0.127,0.1716,0.0856,0.9794,0.72,65.6944,56.7176,7.1389,0.3866
star,1.0,sage,random,0,k20,0.1694,0.097,0.1716,0.0856,0.9942,0.523,65.6944,56.7176,7.1389,0.3866
star,1.0,sage,random,0,k3,0.1713,0.2237,0.1716,0.0856,1.1095,1.7196,65.6944,56.7176,7.1389,0.3866
star,1.0,sage,random,0,k5,0.1667,0.1644,0.1716,0.0856,1.0233,1.177,65.6944,56.7176,7.1389,0.3866
star,1.0,sage,random,0,oracle,0.1657,0.1556,0.1716,0.0856,0.9392,0.9019,65.6944,56.7176,7.1389,0.3866
star,1.0,sage,random,1,k1,0.1917,0.3953,0.1751,0.0785,1.183,2.7779,57.475,48.1196,7.075,0.347
star,1.0,sage,random,1,k10,0.1817,0.1309,0.1751,0.0785,1.0861,0.891,57.475,48.1196,7.075,0.347
star,1.0,sage,random,1,k20,0.1796,0.0965,0.1751,0.0785,1.0717,0.5452,57.475,48.1196,7.075,0.347
star,1.0,sage,random,1,k3,0.1806,0.2199,0.1751,0.0785,1.1497,1.9171,57.475,48.1196,7.075,0.347
star,1.0,sage,random,1,k5,0.1817,0.166,0.1751,0.0785,1.1205,1.2702,57.475,48.1196,7.075,0.347
star,1.0,sage,random,1,oracle,0.1857,0.1461,0.1751,0.0785,1.1044,0.9785,57.475,48.1196,7.075,0.347
star,2.0,gcn,gnnexplainer,0,k1,0.1406,0.3504,0.0953,0.0501,1.5441,4.3043,124.2969,104.4401,7.5156,1.1126
star,2.0,gcn,gnnexplainer,0,k10,0.1484,0.1321,0.0953,0.0501,1.8301,2.4544,124.2969,104.4401,7.5156,1.1126
star,2.0,gcn,gnnexplainer,0,k20,0.1367,0.0736,0.0953,0.0501,1.8201,1.7033,124.2969,104.4401,7.5156,1.1126
star,2.0,gcn,gnnexplainer,0,k3,0.1562,0.2447,0.0953,0.0501,1.8943,3.9968,124.2969,104.4401,7.5156,1.1126
star,2.0,gcn,gnnexplainer,0,k5,0.1562,0.1726,0.0953,0.0501,1.8163,2.7267,124.2969,104.4401,7.5156,1.1126
star,2.0,gcn,gnnexplainer,0,oracle,0.156,0.1572,0.0953,0.0501,1.8985,2.8003,124.2969,104.4401,7.5156,1.1126
star,2.0,gcn,gnnexplainer,1,k1,0.224,0.4186,0.1093,0.0449,2.6375,6.0508,87.112,61.0974,7.28,0.8289
star,2.0,gcn,gnnexplainer,1,k10,0.1768,0.1001,0.1093,0.0449,2.0803,2.069,87.112,61.0974,7.28,0.8289
star,2.0,gcn,gnnexplainer,1,k20,0.146,0.0634,0.1093,0.0449,1.6806,1.432,87.112,61.0974,7.28,0.8289
star,2.0,gcn,gnnexplainer,1,k3,0.184,0.2298,0.1093,0.0449,2.0076,3.0485,87.112,61.0974,7.28,0.8289
star,2.0,gcn,gnnexplainer,1,k5,0.1744,0.1684,0.1093,0.0449,2.0721,3.206,87.112,61.0974,7.28,0.8289
star,2.0,gcn,gnnexplainer,1,oracle,0.1738,0.1284,0.1093,0.0449,2.0477,2.4301,87.112,61.0974,7.28,0.8289
star,2.0,gcn,grad,0,k1,0.1719,0.3803,0.0953,0.0501,3.4832,9.1959,124.2969,104.4401,7.5156,1.1126
star,2.0,gcn,grad,0,k10,0.1344,0.0801,0.0953,0.0501,2.4603,3.0061,124.2969,104.4401,7.5156,1.1126
star,2.0,gcn,grad,0,k20,0.1516,0.0597,0.0953,0.0501,2.4526,2.3728,124.2969,104.4401,7.5156,1.1126
star,2.0,gcn,grad,0,k3,0.2135,0.1718,0.0953,0.0501,3.4297,4.3233,124.2969,104.4401,7.5156,1.1126
star,2.0,gcn,grad,0,k5,0.175,0.1039,0.0953,0.0501,3.0241,3.5856,124.2969,104.4401,7.5156,1.1126
star,2.0,gcn,grad,0,oracle,0.1317,0.0814,0.0953,0.0501,2.4151,3.0505,124.2969,104.4401,7.5156,1.1126
star,2.0,gcn,grad,1,k1,0.136,0.3442,0.1093,0.0449,1.919,5.8024,87.112,61.0974,7.28,0.8289
star,2.0,gcn,grad,1,k10,0.1296,0.0833,0.1093,0.0449,1.8085,2.3823,87.112,61.0974,7.28,0.8289
star,2.0,gcn,grad,1,k20,0.1396,0.0547,0.1093,0.0449,1.6624,1.4327,87.112,61.0974,7.28,0.8289
star,2.0,gcn,grad,1,k3,0.1467,0.2004,0.1093,0.0449,2.2342,4.6159,87.112,61.0974,7.28,0.8289
star,2.0,gcn,grad,1,k5,0.1296,0.135,0.1093,0.0449,2.0253,3.4727,87.112,61.0974,7.28,0.8289
star,2.0,gcn,grad,1,oracle,0.1188,0.0972,0.1093,0.0449,1.7355,2.6404,87.112,61.0974,7.28,0.8289
star,2.0,gcn,ig,0,k1,0.25,0.4364,0.0953,0.0501,4.4848,9.5515,124.2969,104.4401,7.5156,1.1126
star,2.0,gcn,ig,0,k10,0.1953,0.1362,0.0953,0.0501,4.2595,5.5529,124.2969,104.4401,7.5156,1.1126
star,2.0,gcn,ig,0,k20,0.1828,0.0874,0.0953,0.0501,3.4043,3.779,124.2969,104.4401,7.5156,1.1126
star,2.0,gcn,ig,0,k3,0.2917,0.2182,0.0953,0.0501,5.8925,7.6953,124.2969,104.4401,7.5156,1.1126
star,2.0,gcn,ig,0,k5,0.2375,0.1777,0.0953,0.0501,4.9763,6.6444,124.2969,104.4401,7.5156,1.1126
star,2.0,gcn,ig,0,oracle,0.1925,0.1374,0.0953,0.0501,4.1164,5.3793,124.2969,104.4401,7.5156,1.1126
star,2.0,gcn,ig,1,k1,0.192,0.3955,0.1093,0.0449,2.9425,7.0734,87.112,61.0974,7.28,0.8289
star,2.0,gcn,ig,1,k10,0.144,0.0807,0.1093,0.0449,1.9602,2.3978,87.112,61.0974,7.28,0.8289
star,2.0,gcn,ig,1,k20,0.1516,0.0622,0.1093,0.0449,1.8891,1.8372,87.112,61.0974,7.28,0.8289
star,2.0,gcn,ig,1,k3,0.232,0.1652,0.1093,0.0449,2.9223,3.0407,87.112,61.0974,7.28,0.8289
star,2.0,gcn,ig,1,k5,0.1792,0.0978,0.1093,0.0449,2.2918,2.5255,87.112,61.0974,7.28,0.8289
star,2.0,gcn,ig,1,oracle,0.1554,0.0875,0.1093,0.0449,2.0405,2.5339,87.112,61.0974,7.28,0.8289
star,2.0,gcn,random,0,k1,0.1094,0.3146,0.0953,0.0501,2.0406,6.7583,124.2969,104.4401,7.5156,1.1126
star,2.0,gcn,random,0,k10,0.1141,0.0889,0.0953,0.0501,1.3266,1.1396,124.2969,104.4401,7.5156,1.1126
star,2.0,gcn,random,0,k20,0.1062,0.0748,0.0953,0.0501,1.1598,0.7398,124.2969,104.4401,7.5156,1.1126
star,2.0,gcn,random,0,k3,0.1198,0.2089,0.0953,0.0501,1.4917,2.8384,124.2969,104.4401,7.5156,1.1126
star,2.0,gcn,random,0,k5,0.1094,0.133,0.0953,0.0501,1.3607,1.9869,124.2969,104.4401,7.5156,1.1126
star,2.0,gcn,random,0,oracle,0.1214,0.1206,0.0953,0.0501,1.3809,1.4182,124.2969,104.4401,7.5156,1.1126
star,2.0,gcn,random,1,k1,0.096,0.2958,0.1093,0.0449,0.9538,3.4617,87.112,61.0974,7.28,0.8289
star,2.0,gcn,random,1,k10,0.1136,0.0962,0.1093,0.0449,1.1175,1.0507,87.112,61.0974,7.28,0.8289
star,2.0,gcn,random,1,k20,0.116,0.0692,0.1093,0.0449,1.0973,0.6511,87.112,61.0974,7.28,0.8289
star,2.0,gcn,random,1,k3,0.104,0.1817,0.1093,0.0449,0.9898,1.8813,87.112,61.0974,7.28,0.8289
star,2.0,gcn,random,1,k5,0.1184,0.1393,0.1093,0.0449,1.1349,1.553,87.112,61.0974,7.28,0.8289
star,2.0,gcn,random,1,oracle,0.1218,0.1218,0.1093,0.0449,1.1438,1.2573,87.112,61.0974,7.28,0.8289
star,2.0,sage,gnnexplainer,0,k1,0.1081,0.3126,0.0929,0.0483,1.937,6.094,123.2568,99.0164,7.6081,1.3014
star,2.0,sage,gnnexplainer,0,k10,0.1689,0.1158,0.0929,0.0483,2.4415,2.8241,123.2568,99.0164,7.6081,1.3014
star,2.0,sage,gnnexplainer,0,k20,0.1372,0.0614,0.0929,0.0483,1.9954,1.6908,123.2568,99.0164,7.6081,1.3014
star,2.0,sage,gnnexplainer,0,k3,0.1171,0.2022,0.0929,0.0483,1.7934,3.979,123.2568,99.0164,7.6081,1.3014
star,2.0,sage,gnnexplainer,0,k5,0.1378,0.1718,0.0929,0.0483,2.0184,3.4962,123.2568,99.0164,7.6081,1.3014
star,2.0,sage,gnnexplainer,0,oracle,0.1644,0.1388,0.0929,0.0483,2.3796,2.8986,123.2568,99.0164,7.6081,1.3014
star,2.0,sage,gnnexplainer,1,k1,0.072,0.2595,0.1084,0.0437,1.1259,4.9431,90.352,68.9108,7.32,0.7992
star,2.0,sage,gnnexplainer,1,k10,0.172,0.0938,0.1084,0.0437,2.1186,2.1812,90.352,68.9108,7.32,0.7992
star,2.0,sage,gnnexplainer,1,k20,0.1344,0.0607,0.1084,0.0437,1.6236,1.3886,90.352,68.9108,7.32,0.7992
star,2.0,sage,gnnexplainer,1,k3,0.136,0.199,0.1084,0.0437,1.5216,2.6121,90.352,68.9108,7.32,0.7992
star,2.0,sage,gnnexplainer,1,k5,0.1632,0.1594,0.1084,0.0437,2.0053,2.7324,90.352,68.9108,7.32,0.7992
star,2.0,sage,gnnexplainer,1,oracle,0.1705,0.1245,0.1084,0.0437,2.1347,2.5981,90.352,68.9108,7.32,0.7992
star,2.0,sage,grad,0,k1,0.3514,0.4807,0.0929,0.0483,5.1772,9.7119,123.2568,99.0164,7.6081,1.3014
star,2.0,sage,grad,0,k10,0.173,0.1102,0.0929,0.0483,3.3837,4.2731,123.2568,99.0164,7.6081,1.3014
star,2.0,sage,grad,0,k20,0.173,0.0773,0.0929,0.0483,3.1124,3.2986,123.2568,99.0164,7.6081,1.3014
star,2.0,sage,grad,0,k3,0.2883,0.1937,0.0929,0.0483,5.0027,6.5321,123.2568,99.0164,7.6081,1.3014
star,2.0,sage,grad,0,k5,0.227,0.1253,0.0929,0.0483,4.2484,5.0296,123.2568,99.0164,7.6081,1.3014
star,2.0,sage,grad,0,oracle,0.1918,0.1216,0.0929,0.0483,3.7538,4.779,123.2568,99.0164,7.6081,1.3014
star,2.0,sage,grad,1,k1,0.328,0.4714,0.1084,0.0437,3.4604,6.4353,90.352,68.9108,7.32,0.7992
star,2.0,sage,grad,1,k10,0.1232,0.0784,0.1084,0.0437,1.8368,3.0226,90.352,68.9108,7.32,0.7992
star,2.0,sage,grad,1,k20,0.1532,0.0662,0.1084,0.0437,2.0079,2.3255,90.352,68.9108,7.32,0.7992
star,2.0,sage,grad,1,k3,0.264,0.1656,0.1084,0.0437,3.4933,4.6103,90.352,68.9108,7.32,0.7992
star,2.0,sage,grad,1,k5,0.1936,0.0878,0.1084,0.0437,2.5826,3.3463,90.352,68.9108,7.32,0.7992
star,2.0,sage,grad,1,oracle,0.1474,0.0691,0.1084,0.0437,2.0478,2.8945,90.352,68.9108,7.32,0.7992
star,2.0,sage,ig,0,k1,0.3514,0.4807,0.0929,0.0483,5.1772,9.7119,123.2568,99.0164,7.6081,1.3014
star,2.0,sage,ig,0,k10,0.173,0.1102,0.0929,0.0483,3.3837,4.2731,123.2568,99.0164,7.6081,1.3014
star,2.0,sage,ig,0,k20,0.173,0.0773,0.0929,0.0483,3.1124,3.2986,123.2568,99.0164,7.6081,1.3014
star,2.0,sage,ig,0,k3,0.2883,0.1937,0.0929,0.0483,5.0027,6.5321,123.2568,99.0164,7.6081,1.3014
star,2.0,sage,ig,0,k5,0.227,0.1253,0.0929,0.0483,4.2484,5.0296,123.2568,99.0164,7.6081,1.3014
star,2.0,sage,ig,0,oracle,0.1918,0.1216,0.0929,0.0483,3.7538,4.779,123.2568,99.0164,7.6081,1.3014
star,2.0,sage,ig,1,k1,0.328,0.4714,0.1084,0.0437,3.4604,6.4353,90.352,68.9108,7.32,0.7992
star,2.0,sage,ig,1,k10,0.1232,0.0784,0.1084,0.0437,1.8368,3.0226,90.352,68.9108,7.32,0.7992
star,2.0,sage,ig,1,k20,0.1532,0.0662,0.1084,0.0437,2.0079,2.3255,90.352,68.9108,7.32,0.7992
star,2.0,sage,ig,1,k3,0.264,0.1656,0.1084,0.0437,3.4933,4.6103,90.352,68.9108,7.32,0.7992
star,2.0,sage,ig,1,k5,0.1936,0.0878,0.1084,0.0437,2.5826,3.3463,90.352,68.9108,7.32,0.7992
star,2.0,sage,ig,1,oracle,0.1474,0.0691,0.1084,0.0437,2.0478,2.8945,90.352,68.9108,7.32,0.7992
star,2.0,sage,random,0,k1,0.1081,0.3126,0.0929,0.0483,1.7974,6.0821,123.2568,99.0164,7.6081,1.3014
star,2.0,sage,random,0,k10,0.1135,0.0865,0.0929,0.0483,1.4067,1.1717,123.2568,99.0164,7.6081,1.3014
star,2.0,sage,random,0,k20,0.1054,0.0715,0.0929,0.0483,1.1704,0.6558,123.2568,99.0164,7.6081,1.3014
star,2.0,sage,random,0,k3,0.1171,0.2022,0.0929,0.0483,1.4372,2.7229,123.2568,99.0164,7.6081,1.3014
star,2.0,sage,random,0,k5,0.1243,0.1432,0.0929,0.0483,1.5094,2.1017,123.2568,99.0164,7.6081,1.3014
star,2.0,sage,random,0,oracle,0.1217,0.1187,0.0929,0.0483,1.4119,1.3888,123.2568,99.0164,7.6081,1.3014
star,2.0,sage,random,1,k1,0.104,0.3065,0.1084,0.0437,1.1982,4.1382,90.352,68.9108,7.32,0.7992
star,2.0,sage,random,1,k10,0.1232,0.1017,0.1084,0.0437,1.1612,1.0226,90.352,68.9108,7.32,0.7992
star,2.0,sage,random,1,k20,0.12,0.0727,0.1084,0.0437,1.1219,0.6861,90.352,68.9108,7.32,0.7992
star,2.0,sage,random,1,k3,0.1173,0.1905,0.1084,0.0437,1.124,1.9976,90.352,68.9108,7.32,0.7992
star,2.0,sage,random,1,k5,0.1168,0.1348,0.1084,0.0437,1.0801,1.3715,90.352,68.9108,7.32,0.7992
star,2.0,sage,random,1,oracle,0.1249,0.1236,0.1084,0.0437,1.1458,1.2326,90.352,68.9108,7.32,0.7992
